{"stats":{"minecraft:dropped":{"minecraft:cobweb":1,"minecraft:bread":2,"minecraft:sugar_cane":7,"pixelmon:tm8_blank":2,"pixelmon:mystic_water":1,"pixelmon:lure_casing_strong":1,"minecraft:blaze_powder":1,"minecraft:string":1},"minecraft:used":{"minecraft:bread":24,"minecraft:wooden_sword":2,"minecraft:dirt":2,"minecraft:gray_bed":2,"minecraft:beehive":1},"minecraft:custom":{"minecraft:time_since_rest":63412,"minecraft:sprint_one_cm":648770,"minecraft:open_enderchest":1,"minecraft:damage_taken":300,"minecraft:walk_one_cm":274454,"minecraft:drop":10,"minecraft:play_noteblock":1,"minecraft:swim_one_cm":165228,"minecraft:fly_one_cm":286149,"minecraft:open_barrel":45,"minecraft:open_chest":26,"minecraft:play_one_minute":111351,"minecraft:crouch_one_cm":27,"minecraft:sneak_time":56,"minecraft:walk_under_water_one_cm":6335,"minecraft:jump":1650,"minecraft:leave_game":8,"minecraft:walk_on_water_one_cm":17724,"minecraft:time_since_death":111351,"minecraft:sleep_in_bed":3,"minecraft:climb_one_cm":7528,"minecraft:fall_one_cm":48267},"minecraft:picked_up":{"pixelmon:poke_ball_lid":3,"minecraft:beehive":1,"pixelmon:xs_exp_candy":1,"minecraft:stone_button":3,"pixelmon:wooden_base":3,"minecraft:string":1,"minecraft:dirt":11,"pixelmon:tm8_blank":2,"pixelmon:lure_casing_strong":2,"minecraft:bone":1,"pixelmon:heavy_duty_boots":1,"minecraft:cobweb":1,"minecraft:bread":2,"minecraft:sugar_cane":7,"minecraft:gray_bed":3,"minecraft:blaze_powder":1},"minecraft:mined":{"minecraft:beehive":1,"pixelmon:picket_fence":1,"minecraft:gray_bed":3,"minecraft:grass":3,"minecraft:grass_block":8,"minecraft:sugar_cane":3,"minecraft:oak_leaves":1},"minecraft:crafted":{"pixelmon:poke_ball":3}},"DataVersion":2586}