{"stats":{"minecraft:used":{"minecraft:stone_brick_stairs":89,"minecraft:stone_bricks":161,"pixelmon:black_pc":1,"minecraft:torch":12,"minecraft:glowstone":6,"minecraft:dirt":5,"minecraft:grass_block":6,"minecraft:bread":3,"minecraft:barrier":11,"pixelmon:black_healer":2,"pixelmon:white_trade_machine":2,"pixelmon:red_pc":1,"minecraft:dark_oak_fence_gate":6,"pixelmon:red_folding_chair":3,"pixelmon:red_healer":3,"minecraft:stone":27,"minecraft:structure_void":4,"minecraft:soul_torch":6,"pixelmon:black_folding_chair":3,"minecraft:dark_oak_door":6},"minecraft:dropped":{"minecraft:stone_bricks":1,"minecraft:wheat_seeds":24,"minecraft:torch":17},"minecraft:custom":{"minecraft:time_since_rest":60591,"minecraft:play_one_minute":60591,"minecraft:crouch_one_cm":1769,"minecraft:sprint_one_cm":41286,"minecraft:damage_taken":42,"minecraft:walk_one_cm":38709,"minecraft:sneak_time":985,"minecraft:drop":10,"minecraft:jump":301,"minecraft:damage_dealt":30,"minecraft:leave_game":2,"minecraft:time_since_death":60591,"minecraft:fall_one_cm":7988,"minecraft:fly_one_cm":135082},"minecraft:mined":{"minecraft:grass":26,"minecraft:grass_block":2,"minecraft:dirt":3,"minecraft:tall_grass":5},"minecraft:picked_up":{"minecraft:stick":1,"minecraft:torch":3,"minecraft:wheat_seeds":24,"minecraft:glowstone_dust":2,"minecraft:dirt":5,"pixelmon:white_trade_machine":1}},"DataVersion":2586}