{"stats":{"minecraft:used":{"minecraft:dirt":4,"minecraft:bread":3},"minecraft:dropped":{"minecraft:wheat_seeds":24},"minecraft:custom":{"minecraft:jump":174,"minecraft:time_since_rest":24591,"minecraft:damage_dealt":12,"minecraft:crouch_one_cm":189,"minecraft:play_one_minute":24591,"minecraft:leave_game":2,"minecraft:sprint_one_cm":22635,"minecraft:damage_taken":42,"minecraft:time_since_death":24591,"minecraft:walk_one_cm":6581,"minecraft:sneak_time":114,"minecraft:drop":7,"minecraft:fall_one_cm":5724,"minecraft:fly_one_cm":36692},"minecraft:mined":{"minecraft:tall_grass":5,"minecraft:grass":25,"minecraft:grass_block":2,"minecraft:dirt":2},"minecraft:picked_up":{"minecraft:stick":1,"minecraft:wheat_seeds":24,"minecraft:dirt":4}},"DataVersion":2586}