{"stats":{"minecraft:used":{"pixelmon:black_pc":1,"minecraft:command_block":2,"minecraft:grass_block":7,"minecraft:bread":7,"minecraft:barrier":51,"pixelmon:white_trade_machine":2,"pixelmon:red_pc":1,"pixelmon:red_folding_chair":3,"minecraft:stone":27,"minecraft:structure_void":4,"pixelmon:black_folding_chair":3,"minecraft:stone_brick_stairs":89,"minecraft:stone_bricks":210,"minecraft:torch":14,"minecraft:glowstone":6,"minecraft:wooden_sword":6,"minecraft:dirt":8,"pixelmon:black_healer":2,"pixelmon:trainer_editor":5,"minecraft:dark_oak_fence_gate":6,"pixelmon:red_healer":4,"minecraft:dark_oak_door":6,"minecraft:soul_torch":6},"minecraft:dropped":{"minecraft:bread":48,"pixelmon:aluminium_ingot":1,"minecraft:wheat_seeds":26,"minecraft:torch":17,"minecraft:stone_bricks":3,"minecraft:grass_block":1,"pixelmon:poke_ball":30},"minecraft:custom":{"minecraft:time_since_rest":90591,"minecraft:sprint_one_cm":82815,"minecraft:damage_taken":211,"minecraft:walk_one_cm":69187,"minecraft:drop":22,"minecraft:damage_dealt":297,"minecraft:player_kills":1,"minecraft:fly_one_cm":204042,"minecraft:crouch_one_cm":2694,"minecraft:play_one_minute":90591,"minecraft:sneak_time":1416,"minecraft:jump":481,"minecraft:leave_game":2,"minecraft:time_since_death":90591,"minecraft:fall_one_cm":14802},"minecraft:mined":{"minecraft:grass":27,"minecraft:grass_block":5,"minecraft:dirt":3,"minecraft:tall_grass":5},"minecraft:picked_up":{"minecraft:stick":1,"minecraft:wooden_pickaxe":1,"minecraft:torch":3,"pixelmon:aluminium_ingot":1,"minecraft:dirt":10,"pixelmon:white_trade_machine":1,"minecraft:stone_bricks":3,"minecraft:wheat_seeds":26,"minecraft:glowstone_dust":2}},"DataVersion":2586}