{"stats":{"minecraft:used":{"pixelmon:cloning_machine":4,"pixelmon:black_pc":1,"pixelmon:black_trade_machine":1,"minecraft:torch":15,"pixelmon:white_pc":1,"minecraft:glowstone":12,"pixelmon:fossil_machine":3,"pixelmon:fossil_cleaner":2,"pixelmon:infuser":2,"pixelmon:black_healer":1,"pixelmon:timespace_altar":1,"pixelmon:white_trade_machine":1,"pixelmon:street_light":2,"pixelmon:trainer_editor":9,"minecraft:chest":8,"pixelmon:white_healer":1,"minecraft:stone":21},"minecraft:mined":{"minecraft:grass":1},"minecraft:picked_up":{"pixelmon:cloning_machine":4,"minecraft:wheat_seeds":2},"minecraft:dropped":{"minecraft:wheat_seeds":1},"minecraft:custom":{"minecraft:interact_with_smithing_table":1,"minecraft:time_since_rest":45759,"minecraft:play_one_minute":45759,"minecraft:crouch_one_cm":807,"minecraft:sprint_one_cm":34684,"minecraft:walk_one_cm":20857,"minecraft:sneak_time":456,"minecraft:drop":1,"minecraft:jump":167,"minecraft:damage_dealt":12,"minecraft:leave_game":2,"minecraft:time_since_death":45759,"minecraft:fall_one_cm":4261,"minecraft:fly_one_cm":248679}},"DataVersion":2586}