{"stats":{"minecraft:broken":{"minecraft:iron_pickaxe":3},"minecraft:dropped":{"pixelmon:dish_curry_smoke_poke":1,"pixelmon:dish_curry_burger":2,"minecraft:porkchop":6,"minecraft:lapis_lazuli":52,"minecraft:crafting_table":1,"minecraft:cod":9,"minecraft:dirt":59,"pixelmon:pokemail_orange":1,"minecraft:wooden_sword":1,"minecraft:gold_nugget":1,"minecraft:pumpkin_pie":2,"minecraft:white_wool":1,"minecraft:bone":3,"pixelmon:rocket_plate":1,"pixelmon:dish_curry_sausage":1,"minecraft:beetroot":2,"minecraft:rotten_flesh":1,"minecraft:oak_planks":13,"pixelmon:silicon_ore":1,"minecraft:carrot":1,"pixelmon:razz_berry":1,"pixelmon:babiri_berry":1,"minecraft:beetroot_seeds":6,"minecraft:jungle_log":64,"minecraft:leather_boots":2,"minecraft:iron_bars":4,"pixelmon:poke_ball":65,"minecraft:bread":82,"minecraft:wheat_seeds":42,"pixelmon:amethyst":1,"minecraft:cobblestone":1,"minecraft:grass_block":1,"minecraft:coal":7,"minecraft:stick":9,"minecraft:cobweb":1,"pixelmon:crystal":1,"minecraft:diorite":3,"minecraft:torch":17,"minecraft:wooden_axe":1,"minecraft:brown_terracotta":1,"minecraft:stonecutter":1,"minecraft:string":2,"minecraft:redstone_block":3,"pixelmon:aluminium_ingot":1,"minecraft:potato":8,"pixelmon:curry_smoke_poke":1,"minecraft:stone":1,"minecraft:oak_button":3,"minecraft:andesite":2,"minecraft:oak_sapling":2,"minecraft:stone_bricks":3,"minecraft:stone_pickaxe":1,"minecraft:wooden_pickaxe":1},"minecraft:used":{"minecraft:iron_shovel":27,"pixelmon:end_table":4,"minecraft:oak_sign":7,"minecraft:chest":19,"minecraft:stone":28,"minecraft:iron_sword":8,"pixelmon:red_couch":3,"minecraft:mutton":3,"pixelmon:yellow_apricorn":19,"minecraft:grass_block":9,"minecraft:stone_brick_stairs":89,"minecraft:stone_bricks":213,"minecraft:item_frame":1,"pixelmon:tv":2,"minecraft:furnace":20,"pixelmon:washing_machine":1,"pixelmon:trainer_editor":5,"minecraft:diorite":2,"minecraft:stone_pickaxe":109,"minecraft:oak_planks":4,"minecraft:ender_pearl":1,"minecraft:wooden_pickaxe":3,"minecraft:redstone_block":3,"minecraft:structure_void":4,"minecraft:oak_leaves":263,"pixelmon:black_apricorn":22,"pixelmon:gray_armchair":3,"minecraft:bread":97,"minecraft:barrier":71,"minecraft:iron_door":1,"minecraft:diamond_sword":1,"minecraft:wooden_sword":6,"pixelmon:tv3":1,"minecraft:smithing_table":1,"minecraft:birch_log":73,"pixelmon:black_healer":2,"minecraft:andesite":7,"minecraft:bone_meal":152,"minecraft:oak_trapdoor":2,"pixelmon:box":1,"pixelmon:lightworkplace":3,"minecraft:torch":93,"minecraft:brewing_stand":1,"minecraft:dirt":346,"pixelmon:red_healer":4,"minecraft:pink_carpet":1,"minecraft:granite":4,"pixelmon:babiri_berry":2,"minecraft:iron_hoe":200,"pixelmon:mug_pika":2,"minecraft:wooden_axe":7,"minecraft:brown_terracotta":1,"pixelmon:item_frame":8,"minecraft:iron_axe":101,"minecraft:oak_stairs":1,"pixelmon:red_pc":2,"pixelmon:mug_ball":1,"minecraft:glowstone":6,"minecraft:beef":7,"pixelmon:black_cushion_chair":2,"pixelmon:yellow_couch":1,"pixelmon:black_pc":1,"minecraft:water_bucket":3,"minecraft:iron_ore":1,"pixelmon:red_folding_chair":3,"pixelmon:black_folding_chair":3,"minecraft:crafting_table":5,"minecraft:red_bed":1,"minecraft:dark_oak_fence_gate":6,"pixelmon:fridge":1,"minecraft:painting":4,"pixelmon:mug_base":1,"pixelmon:oven":5,"minecraft:dark_oak_door":6,"minecraft:oak_log":166,"minecraft:command_block":22,"minecraft:iron_pickaxe":899,"pixelmon:white_trade_machine":2,"minecraft:spruce_trapdoor":1,"minecraft:stone_axe":4,"minecraft:cobblestone":124,"travelersbackpack:standard":23,"minecraft:porkchop":2,"minecraft:bucket":5,"minecraft:chain_command_block":1,"minecraft:smooth_stone":342,"pixelmon:red_vending_machine":2,"minecraft:soul_torch":6},"minecraft:custom":{"minecraft:interact_with_crafting_table":15,"minecraft:open_barrel":71,"minecraft:leave_game":8,"minecraft:time_since_death":110637,"minecraft:sprint_one_cm":1038776,"minecraft:drop":112,"minecraft:play_noteblock":9,"minecraft:deaths":5,"minecraft:jump":6993,"minecraft:interact_with_brewingstand":1,"minecraft:walk_on_water_one_cm":33264,"minecraft:interact_with_furnace":82,"minecraft:play_one_minute":522653,"minecraft:interact_with_loom":1,"minecraft:damage_dealt":814,"minecraft:player_kills":2,"minecraft:crouch_one_cm":79526,"minecraft:horse_one_cm":18890,"minecraft:interact_with_smithing_table":1,"minecraft:climb_one_cm":3587,"minecraft:walk_one_cm":725737,"minecraft:sneak_time":24351,"minecraft:walk_under_water_one_cm":54323,"minecraft:interact_with_grindstone":1,"minecraft:time_since_rest":110661,"minecraft:damage_taken":4052,"minecraft:swim_one_cm":46452,"minecraft:fly_one_cm":1505807,"minecraft:open_chest":280,"minecraft:fall_one_cm":246746},"minecraft:picked_up":{"minecraft:redstone_block":3,"pixelmon:silicon_ore":1,"minecraft:anvil":1,"minecraft:smithing_table":1,"minecraft:potion":2,"pixelmon:iron_base":1,"pixelmon:pink_pc":1,"minecraft:brewing_stand":1,"pixelmon:thunder_stone_shard":2,"pixelmon:aluminum_base":3,"minecraft:string":2,"minecraft:beetroot":3,"pixelmon:end_table":4,"pixelmon:brown_cash_register":1,"minecraft:smooth_stone":28,"pixelmon:white_vending_machine":1,"pixelmon:pixelmon_sprite":4,"minecraft:furnace":14,"minecraft:stick":29,"pixelmon:red_couch":4,"minecraft:brown_terracotta":2,"minecraft:torch":4,"minecraft:pink_carpet":1,"minecraft:diorite":6,"pixelmon:crystal":3,"minecraft:rotten_flesh":1,"pixelmon:brown_day_care":1,"pixelmon:ruby":2,"pixelmon:red_pc":2,"pixelmon:red_apricorn":30,"pixelmon:lightworkplace":4,"minecraft:iron_bars":4,"minecraft:blaze_powder":6,"minecraft:cobblestone":684,"minecraft:birch_log":44,"minecraft:enchanting_table":1,"pixelmon:yellow_day_care":1,"pixelmon:tv":3,"minecraft:iron_door":1,"pixelmon:gray_armchair":4,"minecraft:andesite":9,"minecraft:dirt":162,"pixelmon:white_apricorn":10,"minecraft:lapis_lazuli":104,"minecraft:leather_boots":1,"minecraft:bone":4,"minecraft:stonecutter":1,"minecraft:wheat_seeds":43,"minecraft:bell":1,"minecraft:glowstone_dust":2,"minecraft:oak_planks":13,"pixelmon:tv3":3,"pixelmon:blue_cash_register":1,"minecraft:grass_block":1,"pixelmon:green_day_care":1,"minecraft:granite":4,"pixelmon:oven":9,"minecraft:bread":1,"minecraft:emerald":2,"minecraft:oak_sapling":9,"minecraft:crafting_table":5,"minecraft:wooden_pickaxe":1,"minecraft:gold_block":1,"pixelmon:razz_berry":2,"pixelmon:trash_can":1,"pixelmon:mug_ball":2,"minecraft:chest":3,"minecraft:birch_sapling":10,"minecraft:spruce_trapdoor":1,"pixelmon:washing_machine":1,"pixelmon:bauxite_ore":20,"pixelmon:black_apricorn":263,"pixelmon:box":4,"pixelmon:blue_vending_machine":1,"minecraft:stone":1,"pixelmon:mug_base":1,"pixelmon:fire_stone_shard":7,"minecraft:note_block":7,"minecraft:stone_button":4,"minecraft:carrot":1,"minecraft:redstone":9,"pixelmon:black_cushion_chair":5,"minecraft:beetroot_seeds":6,"minecraft:hay_block":233,"minecraft:white_wool":1,"pixelmon:poke_ball_lid":4,"minecraft:stripped_oak_log":1,"pixelmon:cyan_folding_chair":1,"pixelmon:yellow_couch":2,"pixelmon:mower":1,"pixelmon:poke_ball":12,"pixelmon:aluminium_ingot":2,"minecraft:oak_log":54,"pixelmon:fridge":6,"pixelmon:fairium_z":1,"pixelmon:white_trade_machine":1,"minecraft:apple":2,"minecraft:stone_bricks":3,"minecraft:iron_ore":79,"minecraft:cobweb":1,"pixelmon:cluttered_box":1,"minecraft:glass_bottle":1,"pixelmon:sapphire":2,"pixelmon:yellow_apricorn":185,"pixelmon:pokemail_orange":1,"pixelmon:amethyst":9,"pixelmon:leaf_stone_shard":3,"minecraft:gold_ore":2,"pixelmon:red_vending_machine":2,"pixelmon:mug_pika":2,"minecraft:oak_button":2,"minecraft:coal":481},"minecraft:killed_by":{"minecraft:player":1},"minecraft:mined":{"pixelmon:red_letter_box":1,"pixelmon:sapphire_ore":2,"pixelmon:yellow_day_care":1,"pixelmon:apricorn_leaves_black":1,"pixelmon:dawn_stone_ore":1,"minecraft:brewing_stand":1,"minecraft:granite":4,"minecraft:grass_block":36,"pixelmon:end_table":4,"pixelmon:lightworkplace":4,"pixelmon:apricorn_plant_yellow":3,"pixelmon:pink_healer":1,"minecraft:smooth_stone":28,"minecraft:iron_ore":80,"pixelmon:fridge":6,"minecraft:anvil":1,"minecraft:enchanting_table":1,"pixelmon:mug_pika":2,"minecraft:iron_bars":2,"pixelmon:cluttered_box":1,"pixelmon:red_healer":1,"minecraft:torch":1,"minecraft:note_block":7,"pixelmon:silicon_ore":1,"minecraft:chest":3,"pixelmon:incense_rose":1,"minecraft:cobblestone":6,"pixelmon:oven":9,"pixelmon:box":4,"pixelmon:mug_ball":2,"minecraft:oak_planks":1,"pixelmon:brown_day_care":1,"minecraft:iron_door":1,"minecraft:birch_log":44,"minecraft:wheat":2,"pixelmon:mug_base":1,"pixelmon:thunder_stone_ore":2,"minecraft:grass":70,"minecraft:oak_log":55,"pixelmon:crystal_ore":3,"minecraft:dirt":85,"minecraft:stonecutter":1,"minecraft:oak_leaves":12,"pixelmon:trash_can":1,"pixelmon:mower":1,"minecraft:pink_carpet":1,"minecraft:dark_oak_leaves":1,"pixelmon:ruby_ore":2,"pixelmon:gray_armchair":4,"minecraft:spruce_leaves":8,"minecraft:hay_block":233,"minecraft:redstone_ore":2,"minecraft:furnace":14,"pixelmon:fire_stone_ore":8,"pixelmon:light_blue_clock":1,"pixelmon:brown_cash_register":1,"minecraft:andesite":9,"pixelmon:cyan_folding_chair":1,"minecraft:gold_block":1,"minecraft:shroomlight":1,"pixelmon:bauxite_ore":20,"minecraft:stripped_oak_log":1,"minecraft:stone":677,"minecraft:smithing_table":1,"pixelmon:leaf_stone_ore":3,"pixelmon:amethyst_ore":9,"minecraft:crafting_table":5,"minecraft:emerald_ore":2,"minecraft:tall_grass":10,"minecraft:lapis_ore":8,"minecraft:diorite":3,"pixelmon:washing_machine":1,"pixelmon:green_day_care":1,"minecraft:birch_leaves":1,"minecraft:coal_ore":18,"pixelmon:apricorn_leaves_yellow":2,"pixelmon:red_cushion_chair":5,"minecraft:mossy_stone_bricks":1,"minecraft:gold_ore":2,"pixelmon:blue_cash_register":1},"minecraft:crafted":{"minecraft:oak_planks":300,"minecraft:oak_sign":3,"pixelmon:iron_base":105,"minecraft:iron_boots":1,"minecraft:chest":16,"minecraft:oak_button":1,"pixelmon:rocket_plate":1,"minecraft:crafting_table":1,"minecraft:wooden_pickaxe":1,"minecraft:iron_helmet":1,"pixelmon:poke_ball_lid":118,"pixelmon:poke_ball":122,"minecraft:iron_chestplate":1,"minecraft:stick":28,"minecraft:iron_ingot":52,"minecraft:iron_pickaxe":4,"minecraft:furnace":14,"minecraft:stone_button":128,"minecraft:bone_meal":576,"pixelmon:cooked_black_apricorn":262,"minecraft:iron_axe":1,"minecraft:iron_hoe":1,"minecraft:stone_pickaxe":1,"minecraft:wheat":945,"pixelmon:cooked_yellow_apricorn":118,"minecraft:iron_sword":1,"minecraft:bucket":2,"minecraft:stone_axe":1,"minecraft:air":0,"minecraft:bread":128,"pixelmon:platinum_base":320,"minecraft:iron_shovel":1,"minecraft:iron_leggings":1,"minecraft:torch":16}},"DataVersion":2586}