{"stats":{"minecraft:used":{"minecraft:stone_brick_stairs":64,"minecraft:stone_bricks":95,"minecraft:torch":2,"minecraft:dirt":4,"minecraft:grass_block":6,"minecraft:bread":3,"minecraft:stone":27},"minecraft:dropped":{"minecraft:wheat_seeds":24,"minecraft:torch":16},"minecraft:custom":{"minecraft:time_since_rest":36591,"minecraft:play_one_minute":36591,"minecraft:crouch_one_cm":682,"minecraft:sprint_one_cm":24747,"minecraft:damage_taken":42,"minecraft:walk_one_cm":16619,"minecraft:sneak_time":368,"minecraft:drop":8,"minecraft:jump":214,"minecraft:damage_dealt":12,"minecraft:leave_game":2,"minecraft:time_since_death":36591,"minecraft:fall_one_cm":6351,"minecraft:fly_one_cm":58646},"minecraft:mined":{"minecraft:grass":25,"minecraft:grass_block":2,"minecraft:dirt":2,"minecraft:tall_grass":5},"minecraft:picked_up":{"minecraft:stick":1,"minecraft:torch":1,"minecraft:wheat_seeds":24,"minecraft:dirt":4}},"DataVersion":2586}