{"stats":{"minecraft:used":{"pixelmon:black_pc":1,"minecraft:command_block":2,"minecraft:grass_block":7,"minecraft:bread":3,"minecraft:barrier":35,"pixelmon:white_trade_machine":2,"pixelmon:red_pc":1,"pixelmon:red_folding_chair":3,"minecraft:stone":27,"minecraft:structure_void":4,"pixelmon:black_folding_chair":3,"minecraft:stone_brick_stairs":89,"minecraft:stone_bricks":206,"minecraft:torch":14,"minecraft:glowstone":6,"minecraft:dirt":8,"pixelmon:black_healer":2,"pixelmon:trainer_editor":4,"minecraft:dark_oak_fence_gate":6,"pixelmon:red_healer":4,"minecraft:dark_oak_door":6,"minecraft:soul_torch":6},"minecraft:dropped":{"pixelmon:aluminium_ingot":1,"minecraft:wheat_seeds":26,"minecraft:torch":17,"minecraft:stone_bricks":3,"minecraft:grass_block":1},"minecraft:custom":{"minecraft:time_since_rest":78591,"minecraft:sprint_one_cm":61439,"minecraft:damage_taken":55,"minecraft:walk_one_cm":54409,"minecraft:drop":16,"minecraft:damage_dealt":46,"minecraft:fly_one_cm":178780,"minecraft:crouch_one_cm":2519,"minecraft:play_one_minute":78591,"minecraft:sneak_time":1329,"minecraft:jump":392,"minecraft:leave_game":2,"minecraft:time_since_death":78591,"minecraft:fall_one_cm":10374},"minecraft:mined":{"minecraft:grass":27,"minecraft:grass_block":5,"minecraft:dirt":3,"minecraft:tall_grass":5},"minecraft:picked_up":{"minecraft:stick":1,"minecraft:torch":3,"pixelmon:aluminium_ingot":1,"minecraft:dirt":10,"pixelmon:white_trade_machine":1,"minecraft:stone_bricks":1,"minecraft:wheat_seeds":26,"minecraft:glowstone_dust":2}},"DataVersion":2586}