{"stats":{"minecraft:used":{"pixelmon:cloning_machine":4,"pixelmon:black_pc":1,"pixelmon:black_trade_machine":1,"minecraft:torch":15,"pixelmon:white_pc":1,"pixelmon:fossil_machine":3,"pixelmon:fossil_cleaner":2,"pixelmon:infuser":2,"pixelmon:black_healer":1,"pixelmon:white_trade_machine":1,"pixelmon:street_light":2,"minecraft:chest":8,"pixelmon:white_healer":1,"minecraft:stone":21},"minecraft:mined":{"minecraft:grass":1},"minecraft:picked_up":{"pixelmon:cloning_machine":4,"minecraft:wheat_seeds":2},"minecraft:dropped":{"minecraft:wheat_seeds":1},"minecraft:custom":{"minecraft:time_since_rest":33759,"minecraft:play_one_minute":33759,"minecraft:crouch_one_cm":650,"minecraft:sprint_one_cm":28554,"minecraft:walk_one_cm":13500,"minecraft:sneak_time":263,"minecraft:drop":1,"minecraft:jump":147,"minecraft:damage_dealt":6,"minecraft:leave_game":2,"minecraft:time_since_death":33759,"minecraft:fall_one_cm":4261,"minecraft:fly_one_cm":94043}},"DataVersion":2586}