{"stats":{"minecraft:used":{"minecraft:stone_brick_stairs":89,"minecraft:stone_bricks":158,"minecraft:torch":12,"minecraft:dirt":4,"minecraft:grass_block":6,"minecraft:bread":3,"minecraft:dark_oak_fence_gate":5,"minecraft:stone":27,"minecraft:dark_oak_door":6},"minecraft:dropped":{"minecraft:stone_bricks":1,"minecraft:wheat_seeds":24,"minecraft:torch":17},"minecraft:custom":{"minecraft:time_since_rest":48591,"minecraft:play_one_minute":48591,"minecraft:crouch_one_cm":1336,"minecraft:sprint_one_cm":28413,"minecraft:damage_taken":42,"minecraft:walk_one_cm":21732,"minecraft:sneak_time":754,"minecraft:drop":10,"minecraft:jump":231,"minecraft:damage_dealt":18,"minecraft:leave_game":2,"minecraft:time_since_death":48591,"minecraft:fall_one_cm":6351,"minecraft:fly_one_cm":101899},"minecraft:mined":{"minecraft:grass":25,"minecraft:grass_block":2,"minecraft:dirt":2,"minecraft:tall_grass":5},"minecraft:picked_up":{"minecraft:stick":1,"minecraft:torch":3,"minecraft:wheat_seeds":24,"minecraft:dirt":4}},"DataVersion":2586}