{"stats":{"minecraft:used":{"pixelmon:bauxite_ore":1,"minecraft:stone_sword":63,"minecraft:stone_pickaxe":52,"minecraft:torch":70,"pixelmon:pink_apricorn":2,"minecraft:crafting_table":4,"pixelmon:apricorn_log":1,"minecraft:bread":20,"minecraft:iron_pickaxe":218,"minecraft:stone_button":1,"minecraft:stone_axe":37,"minecraft:cobblestone":61,"minecraft:furnace":7},"minecraft:crafted":{"minecraft:oak_planks":8,"minecraft:crafting_table":2,"pixelmon:cooked_white_apricorn":16,"minecraft:iron_helmet":1,"pixelmon:poke_ball_lid":25,"pixelmon:yellow_berry_wood_planks":12,"pixelmon:plasma_helm":1,"pixelmon:poke_ball":13,"pixelmon:cooked_pink_apricorn":8,"minecraft:furnace":2,"minecraft:stone_button":12,"minecraft:stone":12,"pixelmon:cooked_black_apricorn":12,"minecraft:cooked_mutton":9,"minecraft:air":0,"pixelmon:iron_base":15,"minecraft:iron_boots":1,"minecraft:iron_chestplate":1,"minecraft:stick":16,"minecraft:iron_ingot":37,"minecraft:iron_pickaxe":1,"minecraft:iron_leggings":1,"pixelmon:cooked_red_apricorn":7,"minecraft:torch":76},"minecraft:dropped":{"minecraft:stone_axe":1,"pixelmon:dish_curry_smoke_poke":2,"minecraft:stone_sword":1,"minecraft:iron_helmet":1,"minecraft:cobblestone":1,"minecraft:oak_planks":5,"pixelmon:fridge":1,"pixelmon:oven":2,"pixelmon:clear_bell":1,"minecraft:coal":27,"pixelmon:iron_base":1,"minecraft:red_bed":1,"minecraft:dirt":19,"minecraft:diorite":1,"pixelmon:crystal":2,"minecraft:oak_wood":1,"minecraft:leather_boots":5,"minecraft:oak_sapling":1,"minecraft:stone_bricks":2,"pixelmon:pixelmon_sprite":1,"minecraft:stone_pickaxe":1,"pixelmon:tv":2},"minecraft:custom":{"minecraft:interact_with_smithing_table":1,"minecraft:interact_with_furnace":48,"minecraft:interact_with_crafting_table":30,"minecraft:open_barrel":30,"minecraft:interact_with_cartography_table":1,"minecraft:interact_with_loom":1,"minecraft:play_one_minute":89989,"minecraft:tune_noteblock":1,"minecraft:interact_with_grindstone":3,"minecraft:leave_game":3,"minecraft:time_since_death":4021,"minecraft:climb_one_cm":3489,"minecraft:time_since_rest":4050,"minecraft:damage_taken":663,"minecraft:sprint_one_cm":242892,"minecraft:walk_one_cm":131842,"minecraft:drop":33,"minecraft:damage_dealt":57,"minecraft:swim_one_cm":4797,"minecraft:fly_one_cm":322891,"minecraft:open_chest":16,"minecraft:crouch_one_cm":12050,"minecraft:deaths":1,"minecraft:sneak_time":4044,"minecraft:walk_under_water_one_cm":1318,"minecraft:interact_with_lectern":1,"minecraft:jump":1572,"minecraft:walk_on_water_one_cm":9137,"minecraft:interact_with_smoker":2,"minecraft:fall_one_cm":55137},"minecraft:mined":{"pixelmon:sapphire_ore":5,"pixelmon:apricorn_leaves_black":15,"pixelmon:dawn_stone_ore":1,"pixelmon:amethyst_ore":7,"pixelmon:silicon_ore":4,"minecraft:granite":2,"pixelmon:ruby_ore":4,"minecraft:crafting_table":4,"minecraft:torch":1,"minecraft:spruce_fence":2,"pixelmon:gray_armchair":1,"minecraft:stone_button":1,"minecraft:oak_wood":1,"minecraft:grass_block":6,"minecraft:cobblestone":5,"pixelmon:oven":1,"minecraft:spruce_leaves":3,"minecraft:diorite":1,"minecraft:chiseled_stone_bricks":1,"minecraft:spawner":1,"minecraft:large_fern":1,"minecraft:seagrass":1,"minecraft:furnace":7,"pixelmon:light_blue_clock":1,"minecraft:iron_ore":37,"pixelmon:fridge":1,"minecraft:birch_leaves":1,"minecraft:yellow_bed":1,"minecraft:grass_path":1,"minecraft:grass":7,"pixelmon:apricorn_leaves_red":21,"minecraft:oak_log":2,"minecraft:coal_ore":78,"pixelmon:crystal_ore":6,"pixelmon:apricorn_log":4,"pixelmon:bauxite_ore":1,"minecraft:dirt":4,"minecraft:cobweb":1,"pixelmon:berry_plant_eggant":1,"minecraft:stone":91,"minecraft:oak_leaves":3,"pixelmon:apricorn_leaves_white":25},"minecraft:picked_up":{"pixelmon:poke_ball_lid":2,"minecraft:crafting_table":3,"minecraft:wheat":1,"pixelmon:tv":2,"pixelmon:silicon_ore":4,"pixelmon:gray_armchair":1,"pixelmon:poke_ball":5,"pixelmon:power_belt":1,"pixelmon:iron_base":3,"minecraft:oak_log":2,"minecraft:yellow_bed":1,"pixelmon:fridge":2,"pixelmon:white_apricorn":16,"minecraft:dirt":19,"minecraft:leather_boots":4,"minecraft:iron_ore":37,"pixelmon:pixelmon_sprite":1,"minecraft:oak_planks":4,"pixelmon:sapphire":3,"minecraft:furnace":7,"pixelmon:bauxite_ore":1,"pixelmon:black_apricorn":12,"minecraft:stick":5,"pixelmon:tv3":1,"pixelmon:power_bracer":1,"minecraft:torch":2,"pixelmon:amethyst":7,"minecraft:stone_button":2,"pixelmon:apricorn_log":4,"minecraft:diorite":1,"pixelmon:crystal":7,"minecraft:oak_wood":1,"pixelmon:pink_apricorn":10,"minecraft:stone_axe":1,"pixelmon:ruby":4,"pixelmon:oven":2,"pixelmon:red_apricorn":24,"minecraft:oak_sapling":1,"minecraft:coal":179,"minecraft:cobblestone":87}},"DataVersion":2586}