{"stats":{"minecraft:crafted":{"minecraft:birch_planks":20},"minecraft:custom":{"minecraft:jump":27,"minecraft:time_since_rest":4506,"minecraft:crouch_one_cm":1063,"minecraft:play_one_minute":4506,"minecraft:sprint_one_cm":4190,"minecraft:time_since_death":4506,"minecraft:walk_one_cm":2803,"minecraft:sneak_time":359,"minecraft:fall_one_cm":627,"minecraft:fly_one_cm":6311},"minecraft:mined":{"minecraft:grass":1,"minecraft:birch_log":5},"minecraft:picked_up":{"pixelmon:poke_ball":10,"minecraft:bread":16,"minecraft:birch_log":5}},"DataVersion":2586}