{"stats":{"minecraft:broken":{"minecraft:iron_pickaxe":1},"minecraft:dropped":{"minecraft:bread":25,"minecraft:birch_planks":6,"minecraft:porkchop":1,"minecraft:wheat_seeds":12,"minecraft:oak_pressure_plate":2,"minecraft:crafting_table":2,"minecraft:leather":2,"minecraft:granite":3,"travelersbackpack:standard":2,"minecraft:cod":1,"minecraft:stick":1,"minecraft:flint":2,"minecraft:dirt":4,"minecraft:brewing_stand":1,"minecraft:diorite":2,"minecraft:torch":34,"minecraft:mutton":8,"minecraft:rabbit":1,"minecraft:potion":2,"minecraft:wooden_sword":1,"minecraft:sand":8,"minecraft:red_dye":1,"minecraft:white_wool":2,"minecraft:dandelion":1,"minecraft:gold_ingot":3,"minecraft:bone":3,"minecraft:redstone":2,"minecraft:gravel":1,"minecraft:coarse_dirt":3,"pixelmon:strib_berry":1,"minecraft:chicken":1,"minecraft:rotten_flesh":4,"minecraft:stone_slab":2,"minecraft:cooked_mutton":1,"minecraft:white_bed":1,"minecraft:salmon":1,"minecraft:shield":1,"minecraft:iron_chestplate":1,"minecraft:leather_boots":3,"minecraft:oak_sapling":19,"minecraft:chest":1,"minecraft:stone_bricks":1,"minecraft:iron_ore":3,"minecraft:wooden_pickaxe":1,"minecraft:stone_pickaxe":1},"minecraft:used":{"minecraft:torch":59,"minecraft:dirt":9,"pixelmon:yellow_apricorn":1,"minecraft:granite":11,"minecraft:iron_axe":62,"minecraft:brown_carpet":1,"minecraft:furnace":5,"minecraft:diorite":17,"minecraft:stone_pickaxe":117,"minecraft:oak_planks":6,"minecraft:wooden_pickaxe":7,"minecraft:crafting_table":5,"minecraft:white_bed":2,"minecraft:diamond_pickaxe":12,"minecraft:bread":46,"minecraft:iron_pickaxe":410,"minecraft:wooden_sword":4,"minecraft:cobblestone":89,"travelersbackpack:standard":6,"minecraft:andesite":11},"minecraft:custom":{"minecraft:interact_with_smithing_table":2,"minecraft:interact_with_crafting_table":31,"minecraft:open_barrel":24,"minecraft:leave_game":3,"minecraft:time_since_death":70656,"minecraft:climb_one_cm":3217,"minecraft:sprint_one_cm":531916,"minecraft:walk_one_cm":210484,"minecraft:drop":64,"minecraft:play_noteblock":1,"minecraft:deaths":2,"minecraft:sneak_time":18116,"minecraft:walk_under_water_one_cm":3401,"minecraft:jump":3296,"minecraft:walk_on_water_one_cm":14659,"minecraft:interact_with_furnace":33,"minecraft:interact_with_cartography_table":1,"minecraft:tune_noteblock":10,"minecraft:play_one_minute":190674,"minecraft:interact_with_loom":4,"minecraft:sleep_in_bed":2,"minecraft:time_since_rest":70680,"minecraft:damage_taken":1622,"minecraft:trigger_trapped_chest":2,"minecraft:damage_dealt":372,"minecraft:swim_one_cm":25154,"minecraft:fly_one_cm":678903,"minecraft:player_kills":1,"minecraft:open_chest":5,"minecraft:crouch_one_cm":47317,"minecraft:fall_one_cm":99502},"minecraft:picked_up":{"minecraft:crafting_table":7,"minecraft:wheat":8,"minecraft:stone_slab":2,"minecraft:potion":2,"minecraft:brewing_stand":1,"minecraft:poppy":1,"minecraft:chest":1,"minecraft:furnace":5,"minecraft:stick":4,"pixelmon:lum_berry":1,"minecraft:torch":5,"pixelmon:dire_hit":1,"minecraft:diorite":19,"minecraft:redstone":5,"minecraft:brown_carpet":1,"pixelmon:strib_berry":1,"pixelmon:pink_apricorn":1,"minecraft:rotten_flesh":3,"minecraft:hay_block":35,"pixelmon:red_apricorn":8,"minecraft:cobblestone":181,"minecraft:mutton":3,"minecraft:white_wool":3,"minecraft:birch_log":5,"minecraft:andesite":11,"minecraft:leather":4,"minecraft:birch_planks":3,"pixelmon:poke_ball":16,"minecraft:flint":2,"minecraft:oak_log":14,"minecraft:dirt":11,"pixelmon:white_apricorn":3,"minecraft:lapis_lazuli":27,"minecraft:leather_boots":2,"pixelmon:lure_casing_strong":1,"minecraft:stone_bricks":1,"minecraft:wheat_seeds":12,"pixelmon:potion":3,"minecraft:iron_ore":70,"pixelmon:yellow_apricorn":7,"minecraft:book":27,"minecraft:dandelion":1,"minecraft:oak_pressure_plate":2,"minecraft:gravel":1,"minecraft:sand":34,"minecraft:white_bed":4,"minecraft:gold_ore":25,"travelersbackpack:standard":2,"minecraft:oak_wood":1,"minecraft:diamond":16,"minecraft:cracked_polished_blackstone_bricks":1,"minecraft:granite":17,"minecraft:bread":16,"minecraft:oak_sapling":19,"minecraft:coal":284},"minecraft:mined":{"minecraft:diamond_ore":17,"minecraft:white_bed":3,"minecraft:dark_oak_leaves":2,"minecraft:brewing_stand":1,"minecraft:spruce_trapdoor":1,"minecraft:granite":14,"minecraft:grass_block":8,"minecraft:cracked_polished_blackstone_bricks":1,"minecraft:hay_block":35,"minecraft:redstone_ore":1,"minecraft:furnace":5,"minecraft:iron_ore":70,"minecraft:fire":2,"minecraft:andesite":12,"minecraft:bookshelf":9,"minecraft:rail":1,"minecraft:stone":202,"minecraft:white_wool":1,"minecraft:brown_carpet":1,"minecraft:dandelion":1,"minecraft:crafting_table":7,"minecraft:torch":3,"minecraft:oak_wood":1,"minecraft:poppy":1,"minecraft:andesite_slab":1,"minecraft:stone_slab":1,"minecraft:tall_grass":3,"minecraft:cobblestone":8,"minecraft:lapis_ore":3,"minecraft:diorite":21,"minecraft:wall_torch":1,"minecraft:mossy_stone_brick_wall":1,"minecraft:birch_log":5,"minecraft:birch_leaves":2,"minecraft:grass":66,"pixelmon:apricorn_leaves_red":7,"minecraft:oak_log":14,"minecraft:coal_ore":151,"minecraft:sand":26,"minecraft:dirt":3,"minecraft:stone_bricks":1,"minecraft:gold_ore":25,"minecraft:oak_leaves":9,"minecraft:fern":1},"minecraft:crafted":{"minecraft:oak_planks":60,"minecraft:furnace":2,"minecraft:glass":18,"travelersbackpack:white_sleeping_bag":1,"minecraft:iron_boots":1,"minecraft:iron_axe":1,"minecraft:stone_pickaxe":1,"minecraft:chest":1,"minecraft:wheat":307,"minecraft:red_dye":1,"minecraft:crafting_table":1,"travelersbackpack:backpack_tank":2,"minecraft:wooden_pickaxe":1,"minecraft:iron_helmet":1,"travelersbackpack:standard":1,"minecraft:birch_planks":20,"minecraft:bread":105,"minecraft:air":0,"minecraft:iron_chestplate":1,"minecraft:diamond_pickaxe":1,"minecraft:shield":1,"minecraft:stick":32,"minecraft:iron_pickaxe":2,"minecraft:iron_ingot":67,"minecraft:iron_leggings":1,"minecraft:gold_ingot":25,"minecraft:torch":88,"minecraft:diamond_chestplate":1}},"DataVersion":2586}