{"stats":{"minecraft:used":{"minecraft:wooden_axe":18,"minecraft:stone_sword":6,"minecraft:bread":3,"minecraft:stone_pickaxe":14,"minecraft:wooden_pickaxe":5,"minecraft:stone_axe":5,"minecraft:torch":7,"minecraft:wooden_sword":2,"minecraft:dirt":1,"minecraft:crafting_table":1,"minecraft:oak_sapling":2},"minecraft:crafted":{"minecraft:oak_planks":96,"minecraft:stone_shovel":1,"minecraft:crafting_table":1,"minecraft:stick":8,"minecraft:wooden_pickaxe":1,"minecraft:stone_pickaxe":1,"minecraft:wooden_axe":1,"minecraft:stone_sword":1,"minecraft:stone_axe":1},"minecraft:dropped":{"minecraft:wheat_seeds":2,"minecraft:wooden_sword":1,"minecraft:wooden_pickaxe":1},"minecraft:custom":{"minecraft:time_since_rest":30167,"minecraft:sprint_one_cm":71079,"minecraft:damage_taken":108,"minecraft:walk_one_cm":30643,"minecraft:drop":4,"minecraft:damage_dealt":288,"minecraft:player_kills":1,"minecraft:interact_with_crafting_table":9,"minecraft:fly_one_cm":76498,"minecraft:crouch_one_cm":1478,"minecraft:play_one_minute":30167,"minecraft:sneak_time":1289,"minecraft:jump":398,"minecraft:leave_game":1,"minecraft:walk_on_water_one_cm":336,"minecraft:time_since_death":30167,"minecraft:fall_one_cm":11743},"minecraft:mined":{"minecraft:torch":3,"minecraft:grass":18,"minecraft:grass_block":3,"minecraft:oak_log":29,"minecraft:poppy":1,"minecraft:dirt":9,"minecraft:tall_grass":4,"minecraft:stone":17,"minecraft:oak_leaves":7,"minecraft:wall_torch":1},"minecraft:picked_up":{"minecraft:stick":8,"minecraft:torch":18,"minecraft:oak_log":29,"minecraft:dirt":13,"minecraft:wheat_seeds":10,"minecraft:oak_sapling":5,"minecraft:cobblestone":17}},"DataVersion":2586}