{"stats":{"minecraft:used":{"minecraft:wooden_axe":18,"minecraft:stone_sword":21,"minecraft:stone_shovel":5,"minecraft:bread":9,"minecraft:stone_pickaxe":18,"minecraft:wooden_pickaxe":5,"minecraft:stone_bricks":3,"minecraft:stone_axe":5,"minecraft:torch":7,"minecraft:wooden_sword":2,"minecraft:dirt":6,"minecraft:crafting_table":1,"minecraft:oak_sapling":2},"minecraft:crafted":{"minecraft:oak_planks":116,"minecraft:stone_shovel":1,"minecraft:crafting_table":1,"minecraft:stick":8,"minecraft:wooden_pickaxe":1,"minecraft:stone_pickaxe":1,"minecraft:wooden_axe":1,"minecraft:stone_sword":1,"minecraft:stone_axe":1},"minecraft:dropped":{"minecraft:wheat_seeds":2,"minecraft:rotten_flesh":1,"minecraft:wooden_sword":1,"minecraft:glowstone_dust":2,"minecraft:wooden_pickaxe":1},"minecraft:custom":{"minecraft:time_since_rest":42167,"minecraft:sprint_one_cm":106285,"minecraft:damage_taken":421,"minecraft:walk_one_cm":51964,"minecraft:drop":6,"minecraft:damage_dealt":480,"minecraft:player_kills":2,"minecraft:interact_with_crafting_table":9,"minecraft:fly_one_cm":114294,"minecraft:crouch_one_cm":2116,"minecraft:play_one_minute":42167,"minecraft:sneak_time":1602,"minecraft:jump":563,"minecraft:leave_game":1,"minecraft:walk_on_water_one_cm":336,"minecraft:time_since_death":42167,"minecraft:fall_one_cm":17654},"minecraft:mined":{"minecraft:glowstone":1,"minecraft:torch":3,"minecraft:grass":20,"minecraft:grass_block":5,"minecraft:oak_log":29,"minecraft:poppy":1,"minecraft:dirt":12,"minecraft:tall_grass":4,"minecraft:stone_bricks":3,"minecraft:stone":17,"minecraft:oak_leaves":7,"minecraft:wall_torch":1},"minecraft:picked_up":{"minecraft:stick":8,"minecraft:leather":2,"minecraft:torch":18,"minecraft:oak_log":34,"minecraft:rabbit_foot":1,"minecraft:dirt":18,"minecraft:rotten_flesh":2,"minecraft:stone_bricks":3,"pixelmon:grepa_berry":1,"minecraft:wheat_seeds":10,"minecraft:glowstone_dust":2,"minecraft:oak_sapling":5,"minecraft:cobblestone":17}},"DataVersion":2586}