{"stats":{"minecraft:used":{"minecraft:cooked_mutton":1,"minecraft:stone_sword":24,"minecraft:stone_shovel":15,"minecraft:stone_pickaxe":72,"minecraft:oak_planks":7,"minecraft:wooden_pickaxe":5,"minecraft:rotten_flesh":1,"minecraft:torch":18,"minecraft:dirt":18,"minecraft:crafting_table":1,"minecraft:granite":3,"minecraft:wooden_axe":18,"minecraft:apple":1,"minecraft:bread":9,"minecraft:stone_bricks":4,"minecraft:stone_axe":31,"minecraft:wooden_sword":2,"minecraft:cobblestone":11,"minecraft:oak_sapling":2},"minecraft:crafted":{"minecraft:oak_planks":116,"minecraft:stone_shovel":1,"minecraft:crafting_table":1,"minecraft:wooden_pickaxe":1,"minecraft:stone_axe":1,"minecraft:stick":8,"minecraft:stone_pickaxe":1,"minecraft:wooden_axe":1,"minecraft:stone_sword":1,"minecraft:torch":8},"minecraft:dropped":{"pixelmon:grepa_berry":1,"minecraft:wheat_seeds":2,"minecraft:rotten_flesh":2,"minecraft:glowstone_dust":2,"minecraft:wooden_sword":1,"minecraft:wooden_pickaxe":1},"minecraft:custom":{"minecraft:interact_with_crafting_table":9,"minecraft:play_one_minute":60167,"minecraft:leave_game":1,"minecraft:time_since_death":16169,"minecraft:time_since_rest":16195,"minecraft:sprint_one_cm":151724,"minecraft:damage_taken":569,"minecraft:walk_one_cm":81967,"minecraft:drop":8,"minecraft:damage_dealt":621,"minecraft:fly_one_cm":150975,"minecraft:player_kills":2,"minecraft:crouch_one_cm":5320,"minecraft:deaths":1,"minecraft:sneak_time":3056,"minecraft:jump":791,"minecraft:walk_on_water_one_cm":336,"minecraft:fall_one_cm":21965},"minecraft:mined":{"minecraft:torch":4,"minecraft:granite":3,"minecraft:grass_block":9,"minecraft:poppy":1,"minecraft:tall_grass":4,"minecraft:cobblestone":4,"minecraft:oak_planks":7,"minecraft:wall_torch":1,"minecraft:glowstone":1,"minecraft:iron_ore":31,"minecraft:grass":23,"minecraft:oak_log":43,"minecraft:coal_ore":6,"minecraft:dirt":26,"minecraft:stone":27,"minecraft:stone_bricks":3,"minecraft:oak_leaves":12},"minecraft:picked_up":{"minecraft:wooden_axe":1,"pixelmon:pokemail_grass":1,"minecraft:leather":4,"minecraft:oak_log":48,"minecraft:shield":2,"minecraft:dirt":41,"minecraft:leather_boots":1,"minecraft:bone":2,"minecraft:apple":1,"minecraft:stone_bricks":6,"minecraft:wheat_seeds":11,"pixelmon:grepa_berry":3,"minecraft:stone_pickaxe":1,"minecraft:iron_ore":31,"minecraft:glowstone_dust":2,"minecraft:oak_planks":81,"minecraft:stick":11,"minecraft:torch":25,"minecraft:grass_block":1,"minecraft:rabbit_foot":3,"minecraft:stone_sword":1,"minecraft:rotten_flesh":3,"minecraft:stone_shovel":1,"minecraft:stone_axe":1,"minecraft:granite":3,"minecraft:oak_sapling":14,"minecraft:coal":6,"minecraft:cobblestone":37}},"DataVersion":2586}