{"stats":{"minecraft:broken":{"minecraft:stone_shovel":1,"pixelmon:ruby_shovel":2,"minecraft:iron_pickaxe":1,"minecraft:golden_pickaxe":1},"minecraft:dropped":{"minecraft:brown_mushroom":1,"pixelmon:gold_hammer":1,"pixelmon:bauxite_ore":1,"minecraft:loom":1,"minecraft:diamond":3,"minecraft:lantern":3,"minecraft:honeycomb":2,"minecraft:cod":6,"minecraft:dirt":7,"minecraft:chain":1,"minecraft:wooden_sword":1,"minecraft:bone_meal":2,"minecraft:sugar":1,"minecraft:white_wool":10,"minecraft:gravel":8,"minecraft:stone_axe":2,"minecraft:golden_chestplate":1,"minecraft:birch_sapling":6,"minecraft:rotten_flesh":21,"minecraft:oak_planks":21,"minecraft:glowstone_dust":2,"pixelmon:water_stone_shard":1,"pixelmon:silicon_ore":2,"minecraft:salmon":2,"minecraft:carrot":2,"pixelmon:aluminium_sword":2,"minecraft:rabbit_hide":1,"minecraft:leather_boots":1,"pixelmon:iapapa_berry":2,"minecraft:ghast_tear":1,"pixelmon:cooked_yellow_apricorn":5,"minecraft:netherrack":22,"minecraft:golden_boots":4,"minecraft:water_bucket":1,"pixelmon:sapphire":1,"minecraft:wheat_seeds":24,"pixelmon:aluminium_axe":1,"pixelmon:pink_apricorn":13,"minecraft:golden_axe":1,"minecraft:feather":2,"minecraft:cobblestone":4,"pixelmon:cooked_black_apricorn":1,"minecraft:granite":5,"pixelmon:sitrus_berry":1,"minecraft:grass_block":1,"minecraft:coal":2,"minecraft:stick":29,"minecraft:diorite":12,"pixelmon:crystal":11,"minecraft:rabbit":9,"pixelmon:flying_memory":1,"minecraft:dandelion":9,"minecraft:redstone":20,"pixelmon:black_apricorn":136,"pixelmon:grepa_berry":1,"pixelmon:red_apricorn":39,"pixelmon:yellow_apricorn":55,"minecraft:stone_sword":2,"minecraft:composter":1,"pixelmon:coba_berry":1,"pixelmon:white_apricorn":31,"minecraft:nether_bricks":5,"minecraft:shield":2,"pixelmon:pokemail_grass":5,"pixelmon:blue_apricorn":35,"minecraft:spruce_trapdoor":2,"minecraft:spruce_planks":10,"minecraft:andesite":4,"minecraft:diamond_pickaxe":1,"minecraft:oak_sapling":131,"minecraft:golden_sword":2,"minecraft:stone_bricks":1,"minecraft:stone_pickaxe":1,"minecraft:wooden_pickaxe":2,"minecraft:magma_cream":2},"minecraft:used":{"pixelmon:bauxite_ore":2,"minecraft:ladder":1,"minecraft:chest":3,"minecraft:iron_sword":12,"minecraft:stone":2,"minecraft:bell":1,"minecraft:rotten_flesh":4,"minecraft:mutton":18,"minecraft:nether_bricks":1,"pixelmon:yellow_apricorn":5,"travelersbackpack:iron":29,"minecraft:snowball":13,"minecraft:stripped_spruce_log":1,"minecraft:obsidian":9,"minecraft:lantern":3,"minecraft:crimson_roots":1,"minecraft:stone_bricks":6,"minecraft:golden_sword":24,"minecraft:red_carpet":5,"minecraft:oak_sapling":3,"minecraft:furnace":17,"minecraft:diorite":4,"minecraft:stone_pickaxe":92,"minecraft:oak_planks":47,"minecraft:ender_pearl":1,"minecraft:wooden_pickaxe":5,"minecraft:sugar_cane":3,"pixelmon:aluminium_shovel":8,"minecraft:composter":1,"pixelmon:black_apricorn":13,"minecraft:white_wool":1,"minecraft:sand":18,"pixelmon:aluminium_axe":222,"minecraft:loom":1,"minecraft:blast_furnace":1,"minecraft:birch_fence":37,"minecraft:crying_obsidian":1,"pixelmon:ruby_shovel":600,"minecraft:bread":53,"minecraft:gravel":2,"minecraft:fire_charge":1,"minecraft:nether_wart_block":2,"minecraft:wooden_sword":2,"minecraft:smithing_table":3,"minecraft:andesite":3,"minecraft:chain":5,"minecraft:coarse_dirt":5,"minecraft:bone_meal":80,"minecraft:golden_pickaxe":32,"minecraft:stone_sword":38,"minecraft:flint_and_steel":4,"minecraft:stone_shovel":132,"minecraft:spruce_planks":58,"minecraft:netherrack":62,"minecraft:torch":343,"minecraft:dirt":599,"minecraft:oak_wood":1,"minecraft:granite":7,"minecraft:brown_terracotta":1,"minecraft:wooden_axe":18,"travelersbackpack:gold":14,"minecraft:barrel":2,"minecraft:basalt":1,"minecraft:beef":9,"minecraft:soul_soil":2,"minecraft:cooked_beef":7,"pixelmon:black_pc":4,"minecraft:cooked_mutton":13,"minecraft:water_bucket":116,"minecraft:rabbit":7,"minecraft:birch_planks":20,"minecraft:glass_bottle":14,"minecraft:polished_andesite":1,"minecraft:cartography_table":2,"minecraft:andesite_slab":3,"minecraft:fletching_table":4,"pixelmon:spruce_bench":1,"minecraft:cracked_stone_bricks":1,"minecraft:crafting_table":15,"minecraft:red_bed":2,"minecraft:birch_sign":3,"minecraft:cod":2,"pixelmon:white_healer":1,"minecraft:oak_log":6,"pixelmon:yellow_berry_wood_planks":4,"minecraft:diamond_pickaxe":1065,"minecraft:apple":5,"minecraft:oak_button":1,"minecraft:iron_pickaxe":252,"minecraft:spruce_trapdoor":17,"pixelmon:aluminium_pickaxe":1,"minecraft:spruce_sapling":1,"minecraft:stone_axe":103,"minecraft:cobblestone":194,"minecraft:potion":14,"travelersbackpack:standard":1,"minecraft:cooked_porkchop":4,"minecraft:bucket":131,"minecraft:red_banner":6},"minecraft:custom":{"minecraft:interact_with_crafting_table":78,"minecraft:open_barrel":33,"minecraft:bell_ring":1,"minecraft:leave_game":5,"minecraft:time_since_death":20153,"minecraft:sprint_one_cm":1594137,"minecraft:drop":192,"minecraft:deaths":17,"minecraft:jump":10307,"minecraft:walk_on_water_one_cm":81014,"minecraft:interact_with_furnace":117,"minecraft:interact_with_cartography_table":1,"minecraft:interact_with_loom":3,"minecraft:play_one_minute":602418,"minecraft:sleep_in_bed":2,"minecraft:damage_dealt":2218,"minecraft:player_kills":7,"minecraft:crouch_one_cm":177078,"minecraft:interact_with_smithing_table":16,"minecraft:climb_one_cm":39390,"minecraft:walk_one_cm":1210766,"minecraft:sneak_time":45278,"minecraft:walk_under_water_one_cm":35452,"minecraft:interact_with_blast_furnace":11,"minecraft:interact_with_grindstone":3,"minecraft:time_since_rest":10017,"minecraft:damage_taken":7603,"minecraft:swim_one_cm":60912,"minecraft:fly_one_cm":1827122,"minecraft:open_chest":18,"minecraft:fall_one_cm":305894},"minecraft:picked_up":{"minecraft:wooden_axe":1,"pixelmon:silicon_ore":15,"minecraft:smithing_table":3,"minecraft:potion":1,"pixelmon:dawn_stone_boots":1,"minecraft:golden_sword":1,"minecraft:soul_soil":2,"pixelmon:cooked_black_apricorn":1,"minecraft:gold_nugget":364,"minecraft:spruce_planks":10,"pixelmon:black_pc":5,"minecraft:furnace":14,"minecraft:stick":88,"minecraft:composter":3,"minecraft:brown_terracotta":1,"minecraft:torch":62,"pixelmon:spruce_bench":1,"pixelmon:apricorn_log":1,"minecraft:diorite":16,"minecraft:golden_chestplate":1,"minecraft:rabbit_foot":3,"pixelmon:crystal":13,"travelersbackpack:iron":3,"minecraft:stone_sword":3,"pixelmon:sitrus_berry":1,"minecraft:rotten_flesh":26,"pixelmon:ruby":3,"pixelmon:red_apricorn":65,"pixelmon:moomoo_milk":1,"minecraft:obsidian":8,"minecraft:snowball":13,"minecraft:cobblestone":455,"minecraft:birch_log":27,"minecraft:feather":2,"minecraft:magma_cream":2,"pixelmon:pokemail_grass":5,"minecraft:water_bucket":1,"minecraft:andesite":9,"minecraft:potato":3,"minecraft:flint":1,"pixelmon:aluminium_axe":1,"pixelmon:white_apricorn":69,"minecraft:lapis_lazuli":35,"minecraft:dirt":668,"minecraft:lantern":6,"minecraft:leather_boots":1,"minecraft:glass":1,"minecraft:bone":26,"minecraft:wheat_seeds":33,"tcg:card":1,"minecraft:bell":1,"minecraft:rabbit":15,"minecraft:fletching_table":4,"minecraft:glowstone_dust":2,"travelersbackpack:gold":3,"minecraft:oak_planks":104,"minecraft:ghast_tear":1,"minecraft:cooked_porkchop":4,"minecraft:sand":84,"pixelmon:water_stone_shard":1,"minecraft:stripped_spruce_log":17,"minecraft:loom":3,"minecraft:grass_block":1,"minecraft:barrel":2,"minecraft:polished_andesite":1,"minecraft:sugar":1,"minecraft:diamond":3,"minecraft:granite":12,"minecraft:bone_meal":1,"minecraft:bread":42,"minecraft:oak_sapling":177,"minecraft:netherrack":87,"minecraft:andesite_slab":3,"minecraft:crimson_roots":1,"minecraft:diamond_pickaxe":1,"minecraft:coarse_dirt":5,"minecraft:crafting_table":12,"minecraft:nether_wart":20,"minecraft:ladder":1,"minecraft:brown_mushroom":1,"pixelmon:platinum_chestplate":1,"minecraft:wooden_pickaxe":1,"minecraft:gold_block":1,"minecraft:chain":6,"minecraft:shield":2,"minecraft:red_bed":1,"minecraft:birch_fence":1,"minecraft:cracked_stone_bricks":1,"minecraft:cartography_table":2,"pixelmon:grepa_berry":3,"minecraft:beef":4,"pixelmon:iapapa_berry":2,"minecraft:sugar_cane":3,"minecraft:chest":2,"minecraft:birch_sapling":14,"minecraft:spruce_trapdoor":17,"pixelmon:bauxite_ore":76,"pixelmon:green_apricorn":17,"pixelmon:black_apricorn":212,"minecraft:stone":2,"minecraft:carrot":1,"minecraft:redstone":20,"pixelmon:silver_ore":8,"minecraft:stone_shovel":1,"pixelmon:pink_apricorn":44,"minecraft:nether_bricks":6,"pixelmon:lure_casing_weak":1,"minecraft:gold_ingot":3,"minecraft:mutton":7,"minecraft:bone_block":21,"minecraft:white_wool":10,"minecraft:basalt":1,"minecraft:leather":15,"minecraft:birch_planks":13,"pixelmon:poke_ball":24,"pixelmon:aluminium_sword":1,"pixelmon:aluminium_ingot":3,"minecraft:oak_log":197,"minecraft:nether_wart_block":2,"minecraft:golden_boots":3,"minecraft:cooked_mutton":3,"minecraft:red_carpet":5,"minecraft:apple":5,"minecraft:stone_bricks":7,"minecraft:iron_ingot":16,"minecraft:stone_pickaxe":1,"minecraft:iron_ore":316,"pixelmon:neo_plasma_legs":1,"pixelmon:sapphire":3,"pixelmon:yellow_apricorn":125,"minecraft:book":3,"minecraft:dandelion":9,"minecraft:gravel":10,"pixelmon:amethyst":4,"minecraft:spruce_sapling":1,"minecraft:red_banner":6,"minecraft:blast_furnace":1,"minecraft:spruce_log":7,"minecraft:gold_ore":26,"minecraft:crying_obsidian":1,"pixelmon:blue_apricorn":70,"pixelmon:cooked_yellow_apricorn":5,"minecraft:oak_wood":1,"minecraft:stone_axe":2,"minecraft:oak_button":1,"pixelmon:platinum_ore":9,"minecraft:coal":363,"minecraft:ender_pearl":1},"minecraft:killed_by":{"minecraft:player":2},"minecraft:mined":{"pixelmon:sapphire_ore":3,"minecraft:brewing_stand":1,"minecraft:obsidian":8,"minecraft:spruce_trapdoor":15,"minecraft:granite":6,"minecraft:grass_block":372,"minecraft:soul_soil":2,"pixelmon:apricorn_plant_yellow":1,"travelersbackpack:iron":3,"minecraft:composter":1,"minecraft:nether_wart":20,"minecraft:spawner":2,"minecraft:tall_seagrass":5,"minecraft:glowstone":1,"minecraft:iron_ore":300,"minecraft:fire":6,"minecraft:barrel":2,"minecraft:fletching_table":4,"pixelmon:apricorn_leaves_white":1,"pixelmon:spruce_bench":1,"minecraft:brown_mushroom":1,"minecraft:red_bed":1,"minecraft:soul_fire":1,"minecraft:torch":24,"minecraft:blast_furnace":1,"minecraft:poppy":1,"pixelmon:silicon_ore":16,"minecraft:chest":2,"minecraft:cobblestone":16,"minecraft:sugar_cane":1,"minecraft:oak_planks":10,"minecraft:wall_torch":10,"minecraft:seagrass":4,"minecraft:chain":5,"minecraft:nether_wart_block":2,"minecraft:birch_log":27,"minecraft:grass":142,"minecraft:oak_log":197,"pixelmon:crystal_ore":9,"pixelmon:apricorn_log":1,"minecraft:loom":2,"minecraft:sand":84,"minecraft:dirt":297,"travelersbackpack:gold":3,"minecraft:netherrack":77,"minecraft:oak_leaves":44,"minecraft:nether_gold_ore":73,"minecraft:crying_obsidian":1,"minecraft:red_carpet":5,"pixelmon:water_stone_ore":1,"pixelmon:ruby_ore":3,"minecraft:ladder":1,"minecraft:nether_bricks":6,"minecraft:crimson_roots":1,"pixelmon:platinum_ore":9,"minecraft:spruce_leaves":1,"minecraft:cartography_table":2,"pixelmon:apricorn_plant_black":1,"minecraft:redstone_ore":2,"minecraft:furnace":14,"minecraft:snow":15,"minecraft:andesite":5,"minecraft:stripped_spruce_log":17,"minecraft:gold_block":1,"minecraft:bell":1,"minecraft:bookshelf":1,"minecraft:lantern":1,"pixelmon:bauxite_ore":62,"pixelmon:silver_ore":8,"minecraft:stone":452,"minecraft:bone_block":22,"minecraft:smithing_table":2,"pixelmon:amethyst_ore":4,"minecraft:red_banner":3,"minecraft:dandelion":4,"minecraft:crafting_table":12,"minecraft:oak_wood":1,"minecraft:andesite_slab":2,"pixelmon:black_healer":1,"minecraft:tall_grass":26,"minecraft:lapis_ore":5,"minecraft:diorite":8,"minecraft:birch_planks":13,"minecraft:coarse_dirt":5,"minecraft:cobblestone_wall":1,"minecraft:spruce_log":7,"minecraft:birch_leaves":4,"minecraft:grass_path":4,"minecraft:red_wall_banner":2,"pixelmon:apricorn_leaves_red":1,"minecraft:coal_ore":268,"minecraft:gravel":14,"minecraft:cracked_stone_bricks":1,"minecraft:stone_bricks":3,"minecraft:polished_andesite":1,"minecraft:gold_ore":26,"minecraft:birch_fence":1},"minecraft:crafted":{"minecraft:oak_planks":144,"travelersbackpack:iron":3,"minecraft:stone":19,"pixelmon:aluminium_ingot":42,"minecraft:cooked_mutton":1,"minecraft:glass":65,"pixelmon:white_healer":1,"minecraft:chest":5,"minecraft:glass_bottle":9,"travelersbackpack:iron_tier_upgrade":2,"minecraft:crafting_table":5,"minecraft:spruce_planks":64,"minecraft:iron_helmet":1,"minecraft:wooden_pickaxe":1,"travelersbackpack:standard":3,"minecraft:smithing_table":1,"pixelmon:poke_ball":8,"pixelmon:yellow_berry_wood_planks":4,"pixelmon:poke_ball_lid":8,"minecraft:birch_planks":108,"minecraft:spruce_trapdoor":2,"minecraft:diamond_pickaxe":1,"minecraft:birch_fence":36,"minecraft:stick":104,"minecraft:iron_ingot":273,"minecraft:iron_pickaxe":2,"minecraft:iron_block":25,"minecraft:stone_sword":1,"minecraft:gold_ingot":75,"minecraft:stone_shovel":1,"pixelmon:platinum_ingot":9,"pixelmon:ruby_shovel":2,"minecraft:furnace":3,"minecraft:stone_button":19,"minecraft:bone_meal":189,"pixelmon:cooked_black_apricorn":21,"travelersbackpack:blank_upgrade":4,"travelersbackpack:gold_tier_upgrade":1,"travelersbackpack:white_sleeping_bag":3,"travelersbackpack:gold":1,"minecraft:stone_pickaxe":1,"pixelmon:aluminium_pickaxe":1,"minecraft:birch_sign":3,"minecraft:cooked_beef":7,"pixelmon:cooked_yellow_apricorn":13,"minecraft:bone_block":12,"travelersbackpack:backpack_tank":8,"minecraft:iron_sword":1,"minecraft:bucket":1,"minecraft:stone_axe":1,"minecraft:air":0,"pixelmon:platinum_base":15,"minecraft:white_dye":1,"minecraft:wooden_axe":1,"minecraft:iron_leggings":1,"minecraft:torch":292,"pixelmon:aluminium_shovel":1,"pixelmon:aluminum_base":35}},"DataVersion":2586}