{"stats":{"minecraft:crafted":{"minecraft:air":0},"minecraft:used":{"travelersbackpack:gold":1,"minecraft:smithing_table":1,"minecraft:bucket":1,"travelersbackpack:iron":1,"travelersbackpack:diamond":1},"minecraft:mined":{"minecraft:grass":14},"minecraft:picked_up":{"minecraft:wheat_seeds":4},"minecraft:dropped":{"minecraft:wheat_seeds":4},"minecraft:custom":{"minecraft:time_since_rest":22645,"minecraft:open_chest":2,"minecraft:interact_with_smithing_table":1,"minecraft:crouch_one_cm":1184,"minecraft:play_one_minute":22645,"minecraft:sprint_one_cm":18501,"minecraft:walk_one_cm":9085,"minecraft:sneak_time":330,"minecraft:walk_under_water_one_cm":3757,"minecraft:drop":4,"minecraft:jump":97,"minecraft:damage_dealt":6,"minecraft:leave_game":2,"minecraft:walk_on_water_one_cm":220,"minecraft:time_since_death":22645,"minecraft:fall_one_cm":2682,"minecraft:fly_one_cm":282437}},"DataVersion":2586}