{"stats":{"minecraft:used":{"minecraft:cooked_mutton":1,"minecraft:stone_sword":28,"minecraft:rabbit":1,"minecraft:stone_shovel":25,"minecraft:stone_pickaxe":72,"minecraft:oak_planks":7,"minecraft:wooden_pickaxe":5,"minecraft:rotten_flesh":1,"minecraft:torch":18,"minecraft:dirt":20,"minecraft:crafting_table":1,"minecraft:granite":3,"minecraft:wooden_axe":18,"minecraft:apple":2,"minecraft:bread":10,"minecraft:stone_bricks":6,"minecraft:stone_axe":103,"minecraft:wooden_sword":2,"minecraft:cobblestone":11,"minecraft:beef":2,"minecraft:oak_sapling":2},"minecraft:killed_by":{"minecraft:player":1},"minecraft:crafted":{"minecraft:oak_planks":116,"minecraft:stone_shovel":1,"minecraft:crafting_table":1,"minecraft:wooden_pickaxe":1,"minecraft:stone_axe":1,"minecraft:stick":8,"minecraft:stone_pickaxe":1,"minecraft:wooden_axe":1,"minecraft:stone_sword":1,"minecraft:torch":8},"minecraft:dropped":{"pixelmon:grepa_berry":1,"minecraft:wheat_seeds":2,"minecraft:rotten_flesh":4,"minecraft:glowstone_dust":2,"minecraft:dirt":6,"minecraft:stone_bricks":1,"minecraft:wooden_sword":1,"minecraft:wooden_pickaxe":2},"minecraft:custom":{"minecraft:interact_with_crafting_table":9,"minecraft:play_one_minute":72167,"minecraft:leave_game":1,"minecraft:time_since_death":10368,"minecraft:time_since_rest":10393,"minecraft:sprint_one_cm":201101,"minecraft:damage_taken":762,"minecraft:walk_one_cm":97155,"minecraft:drop":13,"minecraft:damage_dealt":703,"minecraft:swim_one_cm":4211,"minecraft:fly_one_cm":197988,"minecraft:player_kills":2,"minecraft:crouch_one_cm":7670,"minecraft:deaths":2,"minecraft:sneak_time":4186,"minecraft:walk_under_water_one_cm":229,"minecraft:jump":978,"minecraft:walk_on_water_one_cm":1452,"minecraft:fall_one_cm":27856},"minecraft:mined":{"minecraft:torch":4,"minecraft:granite":3,"minecraft:grass_block":15,"minecraft:poppy":1,"minecraft:tall_grass":4,"minecraft:cobblestone":4,"minecraft:oak_planks":7,"minecraft:wall_torch":1,"minecraft:glowstone":1,"minecraft:birch_log":20,"minecraft:iron_ore":31,"minecraft:grass":25,"minecraft:oak_log":91,"minecraft:coal_ore":6,"minecraft:dirt":30,"minecraft:stone":27,"minecraft:stone_bricks":3,"minecraft:oak_leaves":15},"minecraft:picked_up":{"minecraft:wooden_axe":1,"minecraft:birch_log":20,"pixelmon:pokemail_grass":2,"minecraft:leather":7,"minecraft:wooden_pickaxe":1,"pixelmon:poke_ball":10,"minecraft:oak_log":95,"minecraft:shield":2,"minecraft:dirt":55,"minecraft:leather_boots":1,"minecraft:bone":4,"minecraft:apple":2,"minecraft:stone_bricks":7,"minecraft:wheat_seeds":11,"pixelmon:grepa_berry":3,"minecraft:beef":2,"minecraft:stone_pickaxe":1,"minecraft:iron_ore":31,"minecraft:glowstone_dust":2,"minecraft:birch_sapling":8,"minecraft:oak_planks":81,"minecraft:stick":33,"minecraft:torch":25,"minecraft:grass_block":1,"minecraft:rabbit_foot":3,"minecraft:stone_sword":1,"minecraft:rotten_flesh":6,"minecraft:stone_shovel":1,"minecraft:stone_axe":1,"minecraft:granite":3,"minecraft:bread":16,"minecraft:oak_sapling":31,"minecraft:coal":6,"minecraft:cobblestone":37}},"DataVersion":2586}