{"stats":{"minecraft:used":{"minecraft:wooden_axe":18,"minecraft:torch":7,"minecraft:wooden_sword":2,"minecraft:crafting_table":1,"minecraft:oak_sapling":2,"minecraft:bread":3,"minecraft:stone_pickaxe":14,"minecraft:wooden_pickaxe":5},"minecraft:crafted":{"minecraft:oak_planks":96,"minecraft:crafting_table":1,"minecraft:stick":8,"minecraft:wooden_pickaxe":1,"minecraft:stone_pickaxe":1,"minecraft:wooden_axe":1},"minecraft:dropped":{"minecraft:wheat_seeds":2},"minecraft:custom":{"minecraft:time_since_rest":18167,"minecraft:play_one_minute":18167,"minecraft:crouch_one_cm":1396,"minecraft:damage_taken":95,"minecraft:sprint_one_cm":50408,"minecraft:walk_one_cm":23457,"minecraft:sneak_time":1214,"minecraft:drop":2,"minecraft:jump":286,"minecraft:damage_dealt":95,"minecraft:leave_game":1,"minecraft:time_since_death":18167,"minecraft:walk_on_water_one_cm":336,"minecraft:interact_with_crafting_table":7,"minecraft:fly_one_cm":53732,"minecraft:fall_one_cm":7739},"minecraft:mined":{"minecraft:grass":16,"minecraft:grass_block":3,"minecraft:oak_log":24,"minecraft:poppy":1,"minecraft:dirt":9,"minecraft:tall_grass":4,"minecraft:stone":17,"minecraft:wall_torch":1,"minecraft:oak_leaves":7,"minecraft:torch":3},"minecraft:picked_up":{"minecraft:stick":8,"minecraft:wheat_seeds":10,"minecraft:torch":18,"minecraft:oak_log":24,"minecraft:oak_sapling":5,"minecraft:dirt":12,"minecraft:cobblestone":17}},"DataVersion":2586}