{"stats":{"minecraft:used":{"minecraft:wooden_sword":2},"minecraft:dropped":{"minecraft:wheat_seeds":2},"minecraft:custom":{"minecraft:jump":91,"minecraft:walk_on_water_one_cm":336,"minecraft:time_since_rest":6279,"minecraft:damage_dealt":89,"minecraft:crouch_one_cm":291,"minecraft:play_one_minute":6279,"minecraft:sprint_one_cm":17821,"minecraft:damage_taken":6,"minecraft:time_since_death":6279,"minecraft:walk_one_cm":6239,"minecraft:sneak_time":309,"minecraft:fall_one_cm":2473,"minecraft:drop":2,"minecraft:fly_one_cm":22051},"minecraft:mined":{"minecraft:grass":7,"minecraft:oak_log":5,"minecraft:oak_leaves":2,"minecraft:poppy":1},"minecraft:picked_up":{"minecraft:stick":3,"minecraft:oak_log":5,"minecraft:oak_sapling":2,"minecraft:wheat_seeds":9}},"DataVersion":2586}