{"stats":{"minecraft:mined":{"minecraft:grass":14},"minecraft:picked_up":{"minecraft:wheat_seeds":4},"minecraft:dropped":{"minecraft:wheat_seeds":4},"minecraft:custom":{"minecraft:jump":88,"minecraft:open_chest":1,"minecraft:time_since_rest":10645,"minecraft:play_one_minute":10645,"minecraft:crouch_one_cm":330,"minecraft:leave_game":2,"minecraft:sprint_one_cm":15971,"minecraft:time_since_death":10645,"minecraft:walk_on_water_one_cm":17,"minecraft:walk_one_cm":3133,"minecraft:sneak_time":111,"minecraft:walk_under_water_one_cm":3757,"minecraft:fall_one_cm":2682,"minecraft:drop":4,"minecraft:fly_one_cm":149326}},"DataVersion":2586}