{"stats":{"minecraft:broken":{"minecraft:stone_pickaxe":1,"minecraft:iron_axe":1,"minecraft:wooden_sword":1,"minecraft:leather_boots":1,"minecraft:iron_pickaxe":4},"minecraft:dropped":{"minecraft:gold_ore":1,"pixelmon:white_rug":1,"minecraft:oak_slab":1,"minecraft:wheat_seeds":18,"pixelmon:iron_hammer":1,"minecraft:crafting_table":1,"minecraft:feather":5,"minecraft:cobblestone":8,"minecraft:leather":10,"minecraft:granite":15,"minecraft:stick":10,"minecraft:cobweb":2,"minecraft:stone_button":1,"minecraft:torch":6,"minecraft:cornflower":1,"minecraft:wooden_axe":2,"minecraft:brown_terracotta":1,"minecraft:gold_nugget":4,"pixelmon:blue_shard":1,"minecraft:sugar":2,"minecraft:iron_pickaxe":1,"minecraft:string":10,"minecraft:dandelion":3,"minecraft:armor_stand":1,"minecraft:bone":12,"pixelmon:aluminium_ingot":1,"minecraft:stone_axe":1,"pixelmon:grepa_berry":6,"minecraft:stone_sword":1,"minecraft:birch_sapling":2,"minecraft:stone_shovel":1,"minecraft:beetroot":8,"minecraft:rotten_flesh":10,"minecraft:oak_planks":76,"pixelmon:amulet_coin":2,"minecraft:glowstone_dust":2,"minecraft:azure_bluet":4,"minecraft:salmon":1,"minecraft:pumpkin_seeds":3,"minecraft:rabbit_foot":2,"minecraft:poppy":2,"minecraft:leather_chestplate":1,"minecraft:potato":3,"minecraft:stone":9,"minecraft:shield":2,"minecraft:spruce_trapdoor":1,"minecraft:leather_boots":1,"minecraft:oak_sapling":5,"minecraft:chest":1,"minecraft:leather_leggings":1,"minecraft:stone_bricks":2,"minecraft:blue_orchid":2,"minecraft:stone_pickaxe":4,"minecraft:wooden_pickaxe":1,"pixelmon:box":1,"pixelmon:thick_club":1},"minecraft:used":{"pixelmon:iron_hammer":106,"minecraft:ladder":5,"minecraft:poppy":1,"minecraft:chest":3,"minecraft:iron_sword":5,"minecraft:stone":8,"minecraft:cooked_chicken":1,"pixelmon:ruby_hammer":1,"pixelmon:liechi_berry":3,"minecraft:torch":219,"minecraft:dirt":67,"minecraft:granite":2,"minecraft:iron_axe":296,"minecraft:hay_block":2,"minecraft:oak_sapling":5,"minecraft:furnace":6,"minecraft:egg":1,"minecraft:cooked_beef":5,"minecraft:cooked_mutton":3,"minecraft:wheat_seeds":3,"minecraft:water_bucket":1,"minecraft:diorite":16,"minecraft:iron_ore":4,"minecraft:baked_potato":6,"minecraft:oak_planks":268,"minecraft:stone_pickaxe":191,"pixelmon:sapphire_hammer":7,"minecraft:birch_wood":13,"minecraft:wooden_pickaxe":10,"minecraft:white_wool":4,"minecraft:salmon":1,"minecraft:oak_slab":3,"minecraft:red_bed":1,"pixelmon:white_rug":1,"minecraft:crafting_table":9,"minecraft:painting":1,"minecraft:pumpkin_seeds":5,"minecraft:smoker":1,"minecraft:oak_log":5,"minecraft:flower_pot":3,"minecraft:cornflower":2,"minecraft:apple":11,"minecraft:iron_pickaxe":1370,"minecraft:melon_slice":25,"minecraft:bread":26,"pixelmon:amethyst_pickaxe":6,"minecraft:gravel":3,"minecraft:wooden_sword":78,"minecraft:cobblestone":472,"minecraft:andesite":1,"minecraft:bucket":1,"minecraft:cobweb":2},"minecraft:custom":{"minecraft:interact_with_crafting_table":74,"minecraft:open_barrel":28,"minecraft:leave_game":6,"minecraft:time_since_death":130368,"minecraft:climb_one_cm":9363,"minecraft:sprint_one_cm":960864,"minecraft:walk_one_cm":634451,"minecraft:drop":100,"minecraft:deaths":9,"minecraft:sneak_time":10298,"minecraft:walk_under_water_one_cm":5311,"minecraft:jump":4077,"minecraft:walk_on_water_one_cm":36759,"minecraft:interact_with_furnace":122,"minecraft:interact_with_loom":15,"minecraft:play_one_minute":356300,"minecraft:sleep_in_bed":1,"minecraft:time_since_rest":130423,"minecraft:damage_taken":4073,"minecraft:damage_dealt":648,"minecraft:player_kills":1,"minecraft:swim_one_cm":35671,"minecraft:fly_one_cm":351089,"minecraft:crouch_one_cm":25077,"minecraft:open_chest":114,"minecraft:interact_with_smoker":2,"minecraft:fall_one_cm":93501},"minecraft:picked_up":{"minecraft:wooden_axe":1,"minecraft:crafting_table":4,"minecraft:wheat":14,"minecraft:azure_bluet":4,"pixelmon:silicon_ore":7,"minecraft:flower_pot":3,"pixelmon:leaf_stone_boots":1,"minecraft:shield":2,"minecraft:cornflower":2,"minecraft:string":9,"minecraft:wooden_sword":1,"minecraft:armor_stand":1,"minecraft:blue_orchid":1,"minecraft:beetroot":8,"pixelmon:grepa_berry":6,"minecraft:gold_nugget":4,"minecraft:rose_bush":5,"minecraft:poppy":3,"minecraft:melon_slice":62,"minecraft:sugar_cane":2,"minecraft:chest":2,"minecraft:birch_sapling":2,"minecraft:spruce_trapdoor":1,"minecraft:furnace":3,"pixelmon:bauxite_ore":7,"pixelmon:green_apricorn":11,"pixelmon:box":1,"pixelmon:black_apricorn":13,"minecraft:stick":14,"minecraft:stone":8,"pixelmon:fire_stone_shard":2,"minecraft:brown_terracotta":1,"minecraft:torch":25,"minecraft:stone_button":1,"pixelmon:apricorn_log":33,"minecraft:diorite":21,"minecraft:carrot":20,"minecraft:redstone":149,"minecraft:rabbit_foot":2,"pixelmon:crystal":6,"pixelmon:strib_berry":1,"minecraft:stone_sword":1,"minecraft:stone_shovel":1,"minecraft:rotten_flesh":4,"pixelmon:pink_apricorn":21,"minecraft:hay_block":32,"pixelmon:ruby":4,"pixelmon:hondew_berry":4,"pixelmon:red_apricorn":36,"minecraft:cobblestone":869,"minecraft:birch_log":7,"minecraft:leather_chestplate":1,"pixelmon:pokemail_grass":3,"minecraft:andesite":27,"minecraft:leather":11,"minecraft:fern":1,"minecraft:smoker":2,"minecraft:potato":11,"minecraft:birch_planks":12,"pixelmon:poke_ball":13,"pixelmon:aluminium_sword":1,"pixelmon:aluminium_ingot":3,"minecraft:oak_log":93,"pixelmon:fridge":1,"pixelmon:white_apricorn":9,"minecraft:dirt":86,"minecraft:leather_boots":2,"minecraft:bone":8,"minecraft:stone_bricks":2,"minecraft:wheat_seeds":81,"minecraft:birch_wood":13,"pixelmon:amulet_coin":1,"minecraft:cobweb":1,"minecraft:stone_pickaxe":4,"minecraft:iron_ore":213,"pixelmon:sapphire":3,"minecraft:glowstone_dust":2,"minecraft:oak_planks":118,"minecraft:oak_slab":28,"minecraft:pumpkin":5,"pixelmon:white_rug":1,"minecraft:dandelion":3,"minecraft:gravel":6,"pixelmon:amethyst":3,"pixelmon:berry_log":4,"pixelmon:water_stone_shard":2,"minecraft:gold_ore":52,"pixelmon:blue_apricorn":34,"minecraft:sugar":1,"minecraft:diamond":15,"minecraft:stone_axe":1,"minecraft:granite":25,"minecraft:painting":1,"minecraft:bone_meal":1,"minecraft:bread":25,"minecraft:oak_sapling":10,"minecraft:coal":181},"minecraft:killed_by":{"minecraft:player":4},"minecraft:mined":{"pixelmon:sapphire_ore":3,"pixelmon:apricorn_leaves_black":16,"pixelmon:water_stone_ore":2,"minecraft:diamond_ore":15,"pixelmon:dawn_stone_ore":1,"minecraft:white_bed":2,"pixelmon:berry_leaves_strib":5,"minecraft:oak_sapling":1,"minecraft:light_gray_stained_glass_pane":2,"pixelmon:green_berry_wood_stairs":1,"pixelmon:ruby_ore":5,"minecraft:spruce_trapdoor":2,"minecraft:granite":37,"minecraft:grass_block":30,"minecraft:white_stained_glass":3,"minecraft:lime_stained_glass":1,"minecraft:composter":1,"minecraft:potted_fern":1,"minecraft:hay_block":32,"minecraft:redstone_ore":56,"minecraft:furnace":3,"minecraft:carrots":9,"pixelmon:fire_stone_ore":2,"minecraft:iron_ore":218,"minecraft:barrel":1,"minecraft:fire":4,"pixelmon:fridge":1,"minecraft:andesite":38,"minecraft:pumpkin":5,"minecraft:green_stained_glass":2,"minecraft:azure_bluet":3,"pixelmon:berry_leaves_hondew":4,"minecraft:bookshelf":1,"minecraft:potatoes":3,"minecraft:rail":1,"minecraft:vine":3,"minecraft:lantern":1,"pixelmon:berry_leaves_liechi":3,"pixelmon:bauxite_ore":7,"pixelmon:berry_plant_strib":1,"minecraft:stone":911,"pixelmon:apricorn_leaves_green":6,"pixelmon:apricorn_leaves_white":1,"pixelmon:amethyst_ore":3,"minecraft:glass_pane":7,"minecraft:smoker":2,"minecraft:dandelion":3,"pixelmon:red_healer":1,"minecraft:oak_fence":2,"minecraft:cornflower":4,"minecraft:crafting_table":4,"minecraft:torch":8,"pixelmon:silicon_ore":7,"minecraft:poppy":3,"minecraft:melon":12,"pixelmon:apricorn_leaves_blue":6,"minecraft:chest":1,"minecraft:rose_bush":7,"minecraft:tall_grass":34,"minecraft:birch_wood":19,"minecraft:cobblestone":14,"minecraft:oak_planks":14,"pixelmon:box":1,"minecraft:sugar_cane":1,"minecraft:diorite":29,"minecraft:wall_torch":4,"minecraft:beehive":1,"minecraft:birch_log":8,"minecraft:wheat":26,"minecraft:lilac":1,"minecraft:birch_leaves":3,"minecraft:stripped_oak_wood":1,"minecraft:potted_azure_bluet":1,"minecraft:grass":179,"pixelmon:apricorn_leaves_red":13,"pixelmon:berry_leaves_chilan":2,"minecraft:coal_ore":184,"minecraft:oak_log":93,"pixelmon:crystal_ore":6,"minecraft:beetroots":12,"pixelmon:apricorn_log":48,"minecraft:gravel":7,"minecraft:dirt":52,"minecraft:flower_pot":3,"minecraft:brown_terracotta":2,"minecraft:cobweb":6,"pixelmon:berry_log":4,"minecraft:stone_bricks":11,"minecraft:gold_ore":53,"minecraft:oak_leaves":67,"pixelmon:apricorn_leaves_pink":16},"minecraft:crafted":{"pixelmon:cooked_blue_apricorn":32,"minecraft:oak_planks":360,"minecraft:coal":9,"minecraft:leather_leggings":1,"pixelmon:cooked_white_apricorn":9,"minecraft:cooked_chicken":1,"minecraft:stone_button":20,"minecraft:furnace":3,"pixelmon:cooked_pink_apricorn":21,"minecraft:stone":28,"pixelmon:aluminium_ingot":3,"pixelmon:cooked_black_apricorn":13,"pixelmon:iron_base":60,"minecraft:diamond":1,"minecraft:iron_boots":1,"pixelmon:plasma_boots":1,"minecraft:iron_axe":2,"minecraft:ladder":48,"pixelmon:ruby_helm":1,"minecraft:stone_pickaxe":2,"minecraft:chest":2,"minecraft:wheat":270,"minecraft:cooked_beef":5,"minecraft:coal_block":1,"minecraft:oak_slab":42,"minecraft:cooked_porkchop":16,"minecraft:crafting_table":6,"minecraft:iron_sword":1,"minecraft:baked_potato":64,"minecraft:iron_helmet":1,"minecraft:wooden_pickaxe":1,"pixelmon:iron_hammer":1,"pixelmon:yellow_berry_wood_planks":12,"pixelmon:poke_ball":19,"pixelmon:poke_ball_lid":66,"minecraft:leather_helmet":1,"pixelmon:wooden_base":25,"minecraft:birch_planks":28,"minecraft:pumpkin_seeds":8,"minecraft:bread":64,"minecraft:air":0,"minecraft:iron_chestplate":1,"pixelmon:silicon":6,"pixelmon:cooked_green_apricorn":11,"minecraft:stick":204,"minecraft:iron_ingot":129,"minecraft:iron_pickaxe":6,"minecraft:wooden_axe":1,"minecraft:iron_leggings":1,"minecraft:gold_ingot":51,"minecraft:torch":192,"pixelmon:cooked_red_apricorn":36}},"DataVersion":2586}