{"stats":{"minecraft:used":{"minecraft:wooden_sword":6},"minecraft:killed_by":{"minecraft:player":1},"minecraft:custom":{"minecraft:jump":55,"minecraft:time_since_rest":2326,"minecraft:damage_dealt":50,"minecraft:play_one_minute":13014,"minecraft:crouch_one_cm":675,"minecraft:leave_game":1,"minecraft:sprint_one_cm":10988,"minecraft:damage_taken":247,"minecraft:time_since_death":2273,"minecraft:walk_one_cm":13890,"minecraft:sneak_time":175,"minecraft:fall_one_cm":1001,"minecraft:fly_one_cm":4770,"minecraft:deaths":1},"minecraft:mined":{"minecraft:tall_grass":2,"minecraft:grass":6,"minecraft:grass_block":1}},"DataVersion":2586}