{"stats":{"minecraft:used":{"minecraft:bread":4,"minecraft:stone_pickaxe":47,"minecraft:wooden_pickaxe":6,"minecraft:wooden_sword":55,"minecraft:dirt":8,"minecraft:crafting_table":2,"minecraft:cobweb":2},"minecraft:killed_by":{"minecraft:player":2},"minecraft:crafted":{"minecraft:oak_planks":4,"minecraft:crafting_table":2,"minecraft:stick":8,"minecraft:wooden_pickaxe":1,"minecraft:stone_pickaxe":1,"minecraft:wooden_axe":1},"minecraft:dropped":{"pixelmon:aluminium_ingot":1,"minecraft:stone_axe":1,"pixelmon:grepa_berry":2,"minecraft:shield":2,"minecraft:stone_sword":1,"minecraft:torch":6,"minecraft:wooden_axe":1,"minecraft:leather_boots":1,"minecraft:oak_sapling":3,"minecraft:stone_shovel":1,"minecraft:cobblestone":8,"minecraft:oak_planks":74,"minecraft:stone_pickaxe":1,"minecraft:rabbit_foot":2},"minecraft:custom":{"minecraft:time_since_rest":16442,"minecraft:sprint_one_cm":101694,"minecraft:damage_taken":698,"minecraft:walk_one_cm":69317,"minecraft:drop":20,"minecraft:damage_dealt":365,"minecraft:interact_with_crafting_table":2,"minecraft:fly_one_cm":30662,"minecraft:play_one_minute":43014,"minecraft:crouch_one_cm":938,"minecraft:deaths":3,"minecraft:sneak_time":257,"minecraft:jump":301,"minecraft:leave_game":1,"minecraft:time_since_death":16411,"minecraft:fall_one_cm":5673},"minecraft:mined":{"pixelmon:red_healer":1,"minecraft:granite":1,"minecraft:grass":47,"minecraft:coal_ore":29,"minecraft:grass_block":14,"minecraft:dirt":17,"minecraft:cobweb":1,"minecraft:tall_grass":6,"minecraft:stone_bricks":3,"minecraft:stone":4},"minecraft:picked_up":{"minecraft:wooden_axe":1,"minecraft:stick":5,"pixelmon:pokemail_grass":1,"minecraft:leather":6,"minecraft:torch":11,"pixelmon:aluminium_ingot":3,"minecraft:shield":2,"minecraft:dirt":57,"minecraft:string":4,"minecraft:rabbit_foot":2,"minecraft:wooden_sword":1,"minecraft:leather_boots":2,"minecraft:rotten_flesh":2,"minecraft:stone_sword":1,"minecraft:bone":2,"minecraft:stone_shovel":1,"minecraft:stone_bricks":1,"minecraft:stone_axe":1,"minecraft:wheat_seeds":13,"pixelmon:grepa_berry":4,"minecraft:granite":1,"minecraft:stone_pickaxe":1,"minecraft:bread":9,"minecraft:oak_sapling":3,"minecraft:oak_planks":106,"minecraft:coal":29,"minecraft:cobblestone":13}},"DataVersion":2586}