{"stats":{"minecraft:used":{"minecraft:stone_pickaxe":47,"minecraft:wooden_pickaxe":10,"minecraft:dirt":40,"minecraft:crafting_table":2,"minecraft:bread":8,"minecraft:wooden_sword":78,"minecraft:cobweb":2},"minecraft:killed_by":{"minecraft:player":3},"minecraft:crafted":{"minecraft:oak_planks":4,"minecraft:leather_leggings":1,"minecraft:crafting_table":2,"minecraft:wooden_pickaxe":1,"minecraft:leather_helmet":1,"minecraft:stick":8,"minecraft:stone_pickaxe":1,"minecraft:wooden_axe":1},"minecraft:dropped":{"pixelmon:aluminium_ingot":1,"pixelmon:grepa_berry":2,"minecraft:stone_axe":1,"minecraft:stone_sword":1,"minecraft:stone_shovel":1,"minecraft:cobblestone":8,"minecraft:oak_planks":74,"minecraft:rabbit_foot":2,"minecraft:shield":2,"minecraft:torch":6,"minecraft:wooden_axe":1,"minecraft:leather_boots":1,"minecraft:oak_sapling":3,"minecraft:stone_pickaxe":2,"minecraft:wooden_pickaxe":1,"minecraft:dandelion":1},"minecraft:custom":{"minecraft:interact_with_crafting_table":3,"minecraft:play_one_minute":67014,"minecraft:leave_game":1,"minecraft:time_since_death":21814,"minecraft:time_since_rest":21839,"minecraft:sprint_one_cm":215491,"minecraft:damage_taken":1047,"minecraft:walk_one_cm":95508,"minecraft:drop":23,"minecraft:damage_dealt":632,"minecraft:swim_one_cm":4767,"minecraft:fly_one_cm":78456,"minecraft:player_kills":1,"minecraft:crouch_one_cm":938,"minecraft:deaths":4,"minecraft:sneak_time":258,"minecraft:walk_under_water_one_cm":61,"minecraft:jump":535,"minecraft:walk_on_water_one_cm":1424,"minecraft:fall_one_cm":10651},"minecraft:mined":{"minecraft:dandelion":3,"pixelmon:red_healer":1,"minecraft:granite":1,"minecraft:grass_block":14,"minecraft:tall_grass":17,"minecraft:azure_bluet":3,"minecraft:grass":99,"minecraft:coal_ore":29,"minecraft:dirt":17,"minecraft:cobweb":1,"minecraft:stone":4,"minecraft:stone_bricks":6,"minecraft:oak_leaves":3},"minecraft:broken":{"minecraft:wooden_sword":1},"minecraft:picked_up":{"minecraft:wooden_axe":1,"minecraft:azure_bluet":2,"pixelmon:pokemail_grass":1,"minecraft:leather":6,"pixelmon:poke_ball":10,"pixelmon:aluminium_sword":1,"pixelmon:aluminium_ingot":3,"minecraft:shield":2,"minecraft:string":4,"minecraft:dirt":59,"minecraft:wooden_sword":1,"minecraft:leather_boots":2,"minecraft:bone":2,"minecraft:stone_bricks":1,"pixelmon:grepa_berry":4,"minecraft:wheat_seeds":14,"minecraft:stone_pickaxe":2,"minecraft:birch_sapling":1,"minecraft:oak_planks":106,"minecraft:stick":7,"minecraft:torch":11,"minecraft:dandelion":3,"minecraft:rabbit_foot":2,"minecraft:stone_sword":1,"minecraft:stone_shovel":1,"minecraft:rotten_flesh":2,"minecraft:stone_axe":1,"minecraft:granite":1,"minecraft:bread":25,"minecraft:oak_sapling":3,"minecraft:coal":29,"minecraft:cobblestone":13}},"DataVersion":2586}