{"stats":{"minecraft:used":{"minecraft:bread":6,"minecraft:stone_pickaxe":47,"minecraft:wooden_pickaxe":10,"minecraft:wooden_sword":78,"minecraft:dirt":40,"minecraft:crafting_table":2,"minecraft:cobweb":2},"minecraft:killed_by":{"minecraft:player":3},"minecraft:crafted":{"minecraft:oak_planks":4,"minecraft:crafting_table":2,"minecraft:stick":8,"minecraft:wooden_pickaxe":1,"minecraft:stone_pickaxe":1,"minecraft:wooden_axe":1},"minecraft:dropped":{"pixelmon:aluminium_ingot":1,"minecraft:stone_axe":1,"pixelmon:grepa_berry":2,"minecraft:shield":2,"minecraft:stone_sword":1,"minecraft:torch":6,"minecraft:wooden_axe":1,"minecraft:leather_boots":1,"minecraft:oak_sapling":3,"minecraft:stone_shovel":1,"minecraft:cobblestone":8,"minecraft:oak_planks":74,"minecraft:wooden_pickaxe":1,"minecraft:stone_pickaxe":2,"minecraft:rabbit_foot":2},"minecraft:custom":{"minecraft:time_since_rest":9839,"minecraft:sprint_one_cm":151669,"minecraft:damage_taken":983,"minecraft:walk_one_cm":82138,"minecraft:drop":22,"minecraft:damage_dealt":632,"minecraft:player_kills":1,"minecraft:swim_one_cm":4767,"minecraft:interact_with_crafting_table":2,"minecraft:fly_one_cm":58473,"minecraft:play_one_minute":55014,"minecraft:crouch_one_cm":938,"minecraft:deaths":4,"minecraft:sneak_time":258,"minecraft:walk_under_water_one_cm":61,"minecraft:jump":423,"minecraft:leave_game":1,"minecraft:walk_on_water_one_cm":1213,"minecraft:time_since_death":9814,"minecraft:fall_one_cm":8355},"minecraft:mined":{"pixelmon:red_healer":1,"minecraft:granite":1,"minecraft:grass":49,"minecraft:coal_ore":29,"minecraft:grass_block":14,"minecraft:dirt":17,"minecraft:cobweb":1,"minecraft:tall_grass":6,"minecraft:stone_bricks":6,"minecraft:stone":4},"minecraft:broken":{"minecraft:wooden_sword":1},"minecraft:picked_up":{"minecraft:wooden_axe":1,"minecraft:stick":5,"pixelmon:pokemail_grass":1,"minecraft:leather":6,"minecraft:torch":11,"pixelmon:poke_ball":10,"pixelmon:aluminium_ingot":3,"minecraft:shield":2,"minecraft:dirt":59,"minecraft:string":4,"minecraft:rabbit_foot":2,"minecraft:wooden_sword":1,"minecraft:leather_boots":2,"minecraft:rotten_flesh":2,"minecraft:stone_sword":1,"minecraft:bone":2,"minecraft:stone_shovel":1,"minecraft:stone_bricks":1,"minecraft:stone_axe":1,"minecraft:wheat_seeds":13,"pixelmon:grepa_berry":4,"minecraft:granite":1,"minecraft:stone_pickaxe":2,"minecraft:bread":25,"minecraft:oak_sapling":3,"minecraft:oak_planks":106,"minecraft:coal":29,"minecraft:cobblestone":13}},"DataVersion":2586}