{"stats":{"minecraft:used":{"minecraft:dirt":6,"minecraft:wooden_sword":46,"minecraft:cobweb":2},"minecraft:killed_by":{"minecraft:player":2},"minecraft:crafted":{"minecraft:oak_planks":4},"minecraft:custom":{"minecraft:time_since_rest":6680,"minecraft:crouch_one_cm":938,"minecraft:play_one_minute":25014,"minecraft:sprint_one_cm":42803,"minecraft:deaths":2,"minecraft:damage_taken":513,"minecraft:walk_one_cm":43694,"minecraft:sneak_time":219,"minecraft:jump":159,"minecraft:damage_dealt":268,"minecraft:leave_game":1,"minecraft:time_since_death":6646,"minecraft:fall_one_cm":3397,"minecraft:fly_one_cm":15500},"minecraft:mined":{"minecraft:grass":30,"minecraft:grass_block":6,"minecraft:dirt":3,"minecraft:cobweb":1,"minecraft:tall_grass":3,"pixelmon:red_healer":1},"minecraft:picked_up":{"minecraft:wheat_seeds":2,"pixelmon:aluminium_ingot":1,"minecraft:string":1,"minecraft:dirt":7}},"DataVersion":2586}