{"stats":{"minecraft:used":{"minecraft:stone_bricks":1,"minecraft:bread":2},"minecraft:custom":{"minecraft:jump":25,"minecraft:time_since_rest":12182,"minecraft:play_one_minute":12182,"minecraft:leave_game":5,"minecraft:sprint_one_cm":3032,"minecraft:damage_taken":166,"minecraft:time_since_death":12182,"minecraft:walk_one_cm":10808,"minecraft:sneak_time":47,"minecraft:fall_one_cm":906,"minecraft:fly_one_cm":3400},"minecraft:picked_up":{"pixelmon:poke_ball":10,"minecraft:bread":16,"minecraft:stone_bricks":1,"minecraft:wheat_seeds":1}},"DataVersion":2586}