{"stats":{"minecraft:broken":{"pixelmon:crystal_pickaxe":1,"minecraft:iron_pickaxe":2},"minecraft:dropped":{"pixelmon:ground_gem":1,"minecraft:iron_ingot":15,"minecraft:bread":1,"minecraft:wheat_seeds":11,"minecraft:cooked_porkchop":4,"pixelmon:water_stone":2,"minecraft:cobblestone":35,"minecraft:book":1,"minecraft:leather":12,"minecraft:stick":9,"minecraft:flint":2,"minecraft:cobweb":1,"minecraft:torch":7,"pixelmon:pokemail_orange":1,"minecraft:rabbit":2,"minecraft:wooden_sword":1,"pixelmon:dawn_stone_boots":1,"pixelmon:rocket_boots":2,"minecraft:bone_meal":1,"minecraft:iron_pickaxe":2,"pixelmon:froggy_chair":1,"minecraft:string":5,"minecraft:bone":14,"pixelmon:aluminium_ingot":2,"minecraft:dark_oak_sign":8,"pixelmon:neo_plasma_legs":1,"minecraft:rotten_flesh":14,"tcg:card":1,"minecraft:blaze_powder":2,"pixelmon:platinum_chestplate":1,"minecraft:rabbit_foot":1,"minecraft:sandstone_wall":2,"pixelmon:silver_leggings":2,"minecraft:flower_pot":1,"pixelmon:sapphire_plate":2,"minecraft:gunpowder":1,"minecraft:leather_boots":2,"pixelmon:snowball":1,"pixelmon:poke_ball":1,"minecraft:netherrack":1},"minecraft:used":{"minecraft:rose_bush":1,"minecraft:flint_and_steel":1,"minecraft:spruce_slab":1,"minecraft:redstone":1,"minecraft:poppy":1,"minecraft:chest":5,"minecraft:spruce_planks":84,"minecraft:netherrack":30,"minecraft:torch":17,"minecraft:dirt":23,"minecraft:carrot":12,"minecraft:oak_wood":1,"minecraft:obsidian":3,"minecraft:brown_terracotta":2,"minecraft:iron_axe":85,"minecraft:stone_bricks":3,"pixelmon:light_blue_couch":1,"minecraft:tripwire_hook":1,"minecraft:brown_carpet":1,"minecraft:beef":1,"minecraft:oak_sapling":3,"minecraft:furnace":5,"minecraft:gray_bed":1,"minecraft:cooked_beef":3,"minecraft:potato":5,"minecraft:orange_terracotta":3,"minecraft:cooked_mutton":6,"minecraft:end_rod":3,"pixelmon:infuser":1,"minecraft:oak_planks":52,"pixelmon:black_folding_chair":1,"pixelmon:light_blue_vending_machine":1,"minecraft:white_wool":8,"minecraft:crafting_table":8,"minecraft:red_bed":1,"pixelmon:crystal_pickaxe":302,"minecraft:cod":2,"minecraft:spruce_log":1,"pixelmon:oven":1,"pixelmon:white_apricorn":1,"minecraft:oak_log":5,"minecraft:apple":22,"minecraft:bread":94,"minecraft:string":2,"minecraft:iron_pickaxe":504,"pixelmon:froggy_chair":1,"minecraft:gravel":1,"pixelmon:sapphire_pickaxe":133,"minecraft:cobblestone":374,"travelersbackpack:standard":1,"minecraft:purple_bed":1,"pixelmon:brown_clock":1,"minecraft:cooked_porkchop":2,"minecraft:dandelion":1,"minecraft:smooth_stone":1},"minecraft:custom":{"minecraft:interact_with_crafting_table":27,"minecraft:leave_game":102,"minecraft:time_since_death":64566,"minecraft:climb_one_cm":12462,"minecraft:sprint_one_cm":1626783,"minecraft:walk_one_cm":1898602,"minecraft:drop":108,"minecraft:deaths":15,"minecraft:sneak_time":1368,"minecraft:walk_under_water_one_cm":33470,"minecraft:interact_with_brewingstand":3,"minecraft:jump":9460,"minecraft:walk_on_water_one_cm":86840,"minecraft:interact_with_furnace":19,"minecraft:interact_with_cartography_table":1,"minecraft:play_one_minute":626715,"minecraft:time_since_rest":64592,"minecraft:damage_taken":8575,"minecraft:trigger_trapped_chest":2,"minecraft:damage_dealt":20,"minecraft:swim_one_cm":59037,"minecraft:fly_one_cm":1174038,"minecraft:open_chest":121,"minecraft:crouch_one_cm":4785,"minecraft:fall_one_cm":268788},"minecraft:picked_up":{"minecraft:crafting_table":1,"minecraft:flower_pot":1,"pixelmon:silicon_ore":11,"minecraft:brown_mushroom":1,"pixelmon:iron_base":1,"pixelmon:thunder_stone_shard":4,"pixelmon:light_blue_vending_machine":3,"minecraft:cornflower":1,"minecraft:string":7,"pixelmon:froggy_chair":2,"minecraft:item_frame":1,"minecraft:white_carpet":2,"pixelmon:grepa_berry":2,"minecraft:cartography_table":1,"minecraft:gold_nugget":5,"minecraft:smooth_stone":1,"minecraft:spruce_planks":3,"minecraft:beef":4,"pixelmon:sapphire_plate":1,"minecraft:rose_bush":1,"pixelmon:pixelmon_sprite":1,"minecraft:poppy":1,"minecraft:iron_pickaxe":2,"minecraft:spruce_slab":1,"minecraft:stick":13,"pixelmon:chesto_berry":7,"pixelmon:black_apricorn":90,"pixelmon:light_blue_couch":2,"minecraft:torch":4,"minecraft:sandstone_wall":2,"minecraft:porkchop":6,"minecraft:stone_button":1,"pixelmon:l_exp_candy":1,"minecraft:diorite":1,"pixelmon:normalium_z":1,"minecraft:carrot":4,"pixelmon:rocket_boots":1,"minecraft:rabbit_foot":1,"pixelmon:crystal":18,"minecraft:brown_carpet":1,"minecraft:rotten_flesh":4,"pixelmon:moon_stone_shard":6,"pixelmon:black_folding_chair":1,"pixelmon:red_pc":1,"pixelmon:ruby":5,"tcg:card_back":1,"minecraft:end_rod":3,"pixelmon:red_apricorn":8,"minecraft:obsidian":12,"minecraft:mutton":3,"minecraft:white_wool":6,"minecraft:cod":2,"minecraft:blaze_powder":3,"minecraft:cobblestone":633,"minecraft:birch_log":1,"pixelmon:fairy_gem":1,"pixelmon:poke_ball_lid":2,"minecraft:basalt":5,"minecraft:tripwire_hook":1,"minecraft:leather":7,"pixelmon:red_trade_machine":2,"pixelmon:poke_ball":12,"minecraft:flint":1,"pixelmon:aluminium_ingot":4,"minecraft:oak_log":31,"pixelmon:white_apricorn":15,"minecraft:dirt":31,"minecraft:orange_terracotta":3,"minecraft:leather_boots":1,"minecraft:bone":4,"minecraft:apple":11,"minecraft:stone_bricks":3,"minecraft:wheat_seeds":12,"tcg:card":2,"minecraft:dark_oak_sign":8,"minecraft:cobweb":1,"pixelmon:ground_gem":1,"minecraft:glowstone_dust":3,"pixelmon:infuser":1,"minecraft:gray_bed":1,"pixelmon:sapphire":12,"minecraft:oak_planks":30,"pixelmon:yellow_apricorn":41,"pixelmon:pokemail_orange":1,"pixelmon:pink_poke_bag":1,"pixelmon:silver_leggings":1,"minecraft:dandelion":1,"minecraft:gravel":1,"pixelmon:amethyst":7,"minecraft:spruce_sapling":5,"pixelmon:water_stone":4,"minecraft:spruce_log":41,"minecraft:mossy_cobblestone":1,"pixelmon:blue_apricorn":6,"minecraft:polished_andesite":1,"travelersbackpack:standard":1,"minecraft:oak_wood":1,"pixelmon:brown_clock":1,"minecraft:purple_bed":1,"minecraft:granite":2,"pixelmon:oven":1,"minecraft:bread":17,"minecraft:oak_sapling":3,"minecraft:netherrack":124,"minecraft:coal":44},"minecraft:killed_by":{"minecraft:player":4},"minecraft:mined":{"pixelmon:berry_leaves_leppa":1,"pixelmon:sapphire_ore":14,"minecraft:nether_gold_ore":2,"pixelmon:apricorn_leaves_black":3,"pixelmon:dawn_stone_ore":2,"minecraft:spruce_planks":3,"minecraft:farmland":1,"minecraft:mossy_cobblestone":1,"pixelmon:brown_clock":1,"minecraft:obsidian":13,"pixelmon:ruby_ore":5,"minecraft:granite":2,"minecraft:grass_block":8,"minecraft:white_stained_glass":2,"minecraft:spruce_leaves":13,"pixelmon:black_folding_chair":1,"minecraft:cartography_table":1,"minecraft:large_fern":4,"minecraft:smooth_stone":1,"minecraft:andesite":1,"minecraft:stone":569,"minecraft:spruce_slab":1,"pixelmon:amethyst_ore":7,"minecraft:potted_brown_mushroom":1,"minecraft:glass_pane":1,"minecraft:orange_terracotta":3,"minecraft:basalt":5,"minecraft:dandelion":1,"pixelmon:red_healer":2,"minecraft:crafting_table":1,"minecraft:torch":1,"minecraft:oak_wood":1,"pixelmon:silicon_ore":11,"minecraft:poppy":1,"minecraft:rose_bush":1,"minecraft:tall_grass":2,"minecraft:cobblestone":69,"pixelmon:oven":1,"minecraft:oak_planks":3,"minecraft:diorite":2,"minecraft:wall_torch":2,"pixelmon:temple_block":1,"minecraft:purple_bed":1,"minecraft:light_gray_stained_glass":1,"minecraft:birch_log":2,"minecraft:wheat":1,"minecraft:spruce_log":41,"minecraft:birch_leaves":2,"minecraft:gray_bed":1,"minecraft:white_carpet":2,"pixelmon:moon_stone_ore":6,"pixelmon:thunder_stone_ore":2,"minecraft:grass":9,"pixelmon:froggy_chair":1,"minecraft:oak_log":26,"minecraft:coal_ore":35,"pixelmon:crystal_ore":21,"minecraft:end_rod":3,"minecraft:dirt":7,"minecraft:sandstone_wall":2,"minecraft:tripwire_hook":1,"minecraft:polished_andesite":1,"minecraft:netherrack":133,"minecraft:oak_leaves":22,"minecraft:fern":1},"minecraft:crafted":{"minecraft:oak_planks":104,"pixelmon:sapphire_pickaxe":1,"minecraft:furnace":5,"minecraft:cooked_mutton":3,"minecraft:iron_axe":1,"minecraft:chest":5,"minecraft:cooked_beef":3,"minecraft:cooked_porkchop":6,"minecraft:crafting_table":7,"minecraft:spruce_planks":160,"minecraft:birch_planks":4,"pixelmon:silicon":3,"minecraft:stick":12,"minecraft:iron_ingot":23,"minecraft:iron_pickaxe":2,"minecraft:torch":24,"pixelmon:crystal_pickaxe":1}},"DataVersion":2586}