{"stats":{"minecraft:used":{"minecraft:stone_bricks":1,"minecraft:bread":3},"minecraft:custom":{"minecraft:jump":31,"minecraft:time_since_rest":16111,"minecraft:play_one_minute":16111,"minecraft:leave_game":9,"minecraft:sprint_one_cm":6196,"minecraft:damage_taken":166,"minecraft:time_since_death":16111,"minecraft:walk_one_cm":13425,"minecraft:sneak_time":47,"minecraft:fall_one_cm":1115,"minecraft:fly_one_cm":5143},"minecraft:picked_up":{"pixelmon:poke_ball":10,"minecraft:bread":16,"minecraft:stone_bricks":1,"minecraft:wheat_seeds":1}},"DataVersion":2586}