{"stats":{"minecraft:crafted":{"minecraft:oak_boat":1,"minecraft:oak_planks":36,"minecraft:crafting_table":2,"minecraft:stick":4,"minecraft:stone_pickaxe":1,"minecraft:wooden_pickaxe":1,"minecraft:wooden_axe":1},"minecraft:used":{"minecraft:cooked_mutton":1,"minecraft:wooden_axe":23,"minecraft:apple":2,"minecraft:bread":3,"minecraft:stone_pickaxe":18,"minecraft:wooden_pickaxe":4,"minecraft:sand":1,"minecraft:dirt":3,"minecraft:wooden_sword":2,"minecraft:crafting_table":3,"minecraft:oak_boat":1,"minecraft:brown_bed":1},"minecraft:mined":{"minecraft:kelp_plant":1,"minecraft:pumpkin":7,"minecraft:crafting_table":2,"minecraft:brown_bed":1,"minecraft:grass":85,"minecraft:grass_block":2,"minecraft:coal_ore":6,"minecraft:oak_log":9,"minecraft:dead_bush":2,"minecraft:sand":1,"minecraft:dirt":1,"minecraft:tall_grass":8,"minecraft:stone":16,"minecraft:sugar_cane":6,"minecraft:oak_leaves":4},"minecraft:dropped":{"minecraft:bread":4,"pixelmon:grepa_berry":1,"minecraft:wooden_axe":1,"minecraft:rotten_flesh":2,"minecraft:stone_bricks":1,"minecraft:wooden_sword":2,"minecraft:stick":1},"minecraft:picked_up":{"minecraft:stick":5,"minecraft:crafting_table":2,"minecraft:pumpkin":7,"minecraft:brown_bed":1,"minecraft:sand":1,"minecraft:oak_log":9,"minecraft:dirt":3,"minecraft:wooden_sword":2,"minecraft:bone":2,"minecraft:apple":2,"pixelmon:grepa_berry":1,"minecraft:wheat_seeds":11,"minecraft:oak_boat":1,"minecraft:bread":4,"minecraft:oak_sapling":5,"minecraft:sugar_cane":10,"minecraft:coal":6,"minecraft:cobblestone":15},"minecraft:custom":{"minecraft:time_since_rest":33062,"minecraft:sprint_one_cm":71295,"minecraft:walk_one_cm":46921,"minecraft:damage_taken":86,"minecraft:drop":11,"minecraft:swim_one_cm":12717,"minecraft:interact_with_crafting_table":7,"minecraft:fly_one_cm":107431,"minecraft:open_barrel":3,"minecraft:open_chest":10,"minecraft:crouch_one_cm":2122,"minecraft:play_one_minute":33062,"minecraft:sneak_time":762,"minecraft:walk_under_water_one_cm":1313,"minecraft:boat_one_cm":60623,"minecraft:jump":489,"minecraft:time_since_death":33062,"minecraft:walk_on_water_one_cm":5635,"minecraft:fall_one_cm":14496,"minecraft:horse_one_cm":71275}},"DataVersion":2586}