{"stats":{"minecraft:crafted":{"minecraft:oak_planks":16,"minecraft:crafting_table":1,"minecraft:stick":4,"minecraft:stone_pickaxe":1,"minecraft:wooden_pickaxe":1,"minecraft:wooden_axe":1},"minecraft:used":{"minecraft:cooked_mutton":1,"minecraft:wooden_axe":18,"minecraft:apple":2,"minecraft:stone_pickaxe":18,"minecraft:wooden_pickaxe":4,"minecraft:sand":1,"minecraft:dirt":3,"minecraft:wooden_sword":2,"minecraft:crafting_table":2,"minecraft:brown_bed":1},"minecraft:mined":{"minecraft:pumpkin":6,"minecraft:crafting_table":1,"minecraft:brown_bed":1,"minecraft:grass":82,"minecraft:grass_block":2,"minecraft:coal_ore":6,"minecraft:oak_log":9,"minecraft:dead_bush":2,"minecraft:sand":1,"minecraft:dirt":1,"minecraft:tall_grass":7,"minecraft:stone":16,"minecraft:sugar_cane":5,"minecraft:oak_leaves":4},"minecraft:dropped":{"minecraft:bread":4,"pixelmon:grepa_berry":1,"minecraft:wooden_sword":2},"minecraft:picked_up":{"minecraft:stick":5,"minecraft:crafting_table":1,"minecraft:pumpkin":6,"minecraft:brown_bed":1,"minecraft:sand":1,"minecraft:oak_log":9,"minecraft:dirt":3,"minecraft:wooden_sword":2,"minecraft:bone":2,"minecraft:apple":2,"pixelmon:grepa_berry":1,"minecraft:wheat_seeds":11,"minecraft:bread":4,"minecraft:oak_sapling":5,"minecraft:sugar_cane":9,"minecraft:coal":6,"minecraft:cobblestone":15},"minecraft:custom":{"minecraft:time_since_rest":21062,"minecraft:sprint_one_cm":54199,"minecraft:walk_one_cm":36095,"minecraft:damage_taken":74,"minecraft:drop":7,"minecraft:swim_one_cm":4572,"minecraft:interact_with_crafting_table":6,"minecraft:fly_one_cm":85531,"minecraft:open_barrel":1,"minecraft:open_chest":5,"minecraft:crouch_one_cm":1793,"minecraft:play_one_minute":21062,"minecraft:sneak_time":693,"minecraft:walk_under_water_one_cm":539,"minecraft:jump":402,"minecraft:time_since_death":21062,"minecraft:walk_on_water_one_cm":2196,"minecraft:fall_one_cm":12824}},"DataVersion":2586}