{
  "pixelmon:recipes/pokeball/lid/ancient_ultra_ball_lid": {
    "criteria": {
      "has_tumblestone": "2024-07-26 05:54:43 +0000"
    },
    "done": true
  },
  "pixelmon:recipes/decor/vending_machine/green_vending_machine": {
    "criteria": {
      "has_lemonade": "2024-07-26 05:56:15 +0000"
    },
    "done": true
  },
  "minecraft:recipes/redstone/lever": {
    "criteria": {
      "has_cobblestone": "2024-07-26 05:43:13 +0000"
    },
    "done": true
  },
  "minecraft:recipes/building_blocks/cobblestone_stairs_from_cobblestone_stonecutting": {
    "criteria": {
      "has_cobblestone": "2024-07-26 05:43:13 +0000"
    },
    "done": true
  },
  "minecraft:recipes/building_blocks/magenta_concrete_powder": {
    "criteria": {
      "has_sand": "2024-07-26 05:41:46 +0000"
    },
    "done": true
  },
  "pixelmon:recipes/decor/vending_machine/red_vending_machine": {
    "criteria": {
      "has_lemonade": "2024-07-26 05:56:15 +0000"
    },
    "done": true
  },
  "biomesoplenty:recipes/transportation/willow_boat": {
    "criteria": {
      "in_water": "2024-07-26 05:40:04 +0000"
    },
    "done": true
  },
  "minecraft:recipes/building_blocks/lime_concrete_powder": {
    "criteria": {
      "has_sand": "2024-07-26 05:41:46 +0000"
    },
    "done": true
  },
  "minecraft:recipes/decorations/yellow_stained_glass_pane_from_glass_pane": {
    "criteria": {
      "has_yellow_dye": "2024-07-26 05:54:43 +0000"
    },
    "done": true
  },
  "minecraft:recipes/building_blocks/chiseled_stone_bricks": {
    "criteria": {
      "has_stone_bricks": "2024-07-26 05:54:43 +0000"
    },
    "done": true
  },
  "minecraft:recipes/building_blocks/stone_brick_slab_from_stone_bricks_stonecutting": {
    "criteria": {
      "has_stone_bricks": "2024-07-26 05:54:43 +0000"
    },
    "done": true
  },
  "minecraft:recipes/misc/green_dye": {
    "criteria": {
      "has_cactus": "2024-07-26 05:56:15 +0000"
    },
    "done": true
  },
  "minecraft:recipes/building_blocks/yellow_concrete_powder": {
    "criteria": {
      "has_sand": "2024-07-26 05:41:46 +0000"
    },
    "done": true
  },
  "minecraft:recipes/combat/leather_helmet": {
    "criteria": {
      "has_leather": "2024-07-26 05:35:21 +0000"
    },
    "done": true
  },
  "minecraft:recipes/misc/pumpkin_seeds": {
    "criteria": {
      "has_pumpkin": "2024-07-26 05:46:29 +0000"
    },
    "done": true
  },
  "pixelmon:recipes/pokeball/lid/friend_ball_lid": {
    "criteria": {
      "has_ultra_ball": "2024-07-26 05:41:53 +0000"
    },
    "done": true
  },
  "minecraft:recipes/decorations/crafting_table": {
    "criteria": {
      "has_planks": "2024-07-26 05:38:38 +0000"
    },
    "done": true
  },
  "minecraft:recipes/decorations/campfire": {
    "criteria": {
      "has_stick": "2024-07-26 05:38:51 +0000"
    },
    "done": true
  },
  "minecraft:recipes/food/bread": {
    "criteria": {
      "has_wheat": "2024-07-26 05:56:15 +0000"
    },
    "done": true
  },
  "pixelmon:specs/eeveelution_capture_all": {
    "criteria": {
      "0": "2024-07-26 05:50:57 +0000",
      "1": "2024-07-26 05:50:57 +0000",
      "2": "2024-07-26 05:50:57 +0000",
      "3": "2024-07-26 05:50:57 +0000",
      "4": "2024-07-26 05:50:57 +0000",
      "5": "2024-07-26 05:50:57 +0000",
      "6": "2024-07-26 05:50:57 +0000",
      "7": "2024-07-26 05:50:57 +0000",
      "8": "2024-07-26 05:50:57 +0000"
    },
    "done": true
  },
  "minecraft:recipes/decorations/blast_furnace": {
    "criteria": {
      "has_smooth_stone": "2024-07-26 05:54:43 +0000"
    },
    "done": true
  },
  "pixelmon:recipes/pokeball/lid/net_ball_lid": {
    "criteria": {
      "has_ultra_ball": "2024-07-26 05:41:53 +0000"
    },
    "done": true
  },
  "biomesoplenty:recipes/transportation/mahogany_boat": {
    "criteria": {
      "in_water": "2024-07-26 05:40:04 +0000"
    },
    "done": true
  },
  "minecraft:recipes/decorations/ladder": {
    "criteria": {
      "has_stick": "2024-07-26 05:38:51 +0000"
    },
    "done": true
  },
  "minecraft:recipes/decorations/chest": {
    "criteria": {
      "has_lots_of_items": "2024-07-26 05:35:21 +0000"
    },
    "done": true
  },
  "minecraft:recipes/building_blocks/brown_concrete_powder": {
    "criteria": {
      "has_sand": "2024-07-26 05:41:46 +0000"
    },
    "done": true
  },
  "minecraft:recipes/tools/wooden_shovel": {
    "criteria": {
      "has_stick": "2024-07-26 05:38:51 +0000"
    },
    "done": true
  },
  "pixelmon:recipes/decor/vending_machine/lime_vending_machine": {
    "criteria": {
      "has_lemonade": "2024-07-26 05:56:15 +0000"
    },
    "done": true
  },
  "pixelmon:recipes/equipment/movement/old_running_boots": {
    "criteria": {
      "has_boots": "2024-07-26 05:29:17 +0000"
    },
    "done": true
  },
  "minecraft:recipes/decorations/torch": {
    "criteria": {
      "has_stone_pickaxe": "2024-07-26 05:43:28 +0000"
    },
    "done": true
  },
  "pixelmon:specs/clobbopus_jump_capture_all": {
    "criteria": {
      "0": "2024-07-26 05:50:57 +0000"
    },
    "done": false
  },
  "biomesoplenty:recipes/transportation/dead_boat": {
    "criteria": {
      "in_water": "2024-07-26 05:40:04 +0000"
    },
    "done": true
  },
  "minecraft:recipes/misc/stick": {
    "criteria": {
      "has_planks": "2024-07-26 05:38:38 +0000"
    },
    "done": true
  },
  "pixelmon:recipes/equipment/flute/red_flute": {
    "criteria": {
      "has_red_shard": "2024-07-26 05:54:43 +0000"
    },
    "done": true
  },
  "pixelmon:recipes/infuser/incense/all_incense": {
    "criteria": {
      "has_the_recipe": "2024-07-26 05:43:33 +0000"
    },
    "done": true
  },
  "pixelmon:recipes/decor/terrain/poke_dirt": {
    "criteria": {
      "has_dirt": "2024-07-26 05:40:55 +0000"
    },
    "done": true
  },
  "minecraft:recipes/transportation/spruce_boat": {
    "criteria": {
      "in_water": "2024-07-26 05:40:04 +0000"
    },
    "done": true
  },
  "minecraft:recipes/building_blocks/cracked_stone_bricks": {
    "criteria": {
      "has_stone_bricks": "2024-07-26 05:54:43 +0000"
    },
    "done": true
  },
  "pixelmon:recipes/pokeball/lid/dusk_ball_lid": {
    "criteria": {
      "has_ultra_ball": "2024-07-26 05:41:53 +0000"
    },
    "done": true
  },
  "pixelmon:recipes/pokeball/lid/safari_ball_lid": {
    "criteria": {
      "has_ultra_ball": "2024-07-26 05:41:53 +0000"
    },
    "done": true
  },
  "minecraft:recipes/building_blocks/emerald_block": {
    "criteria": {
      "has_emerald": "2024-07-26 05:56:31 +0000"
    },
    "done": true
  },
  "minecraft:recipes/food/cooked_rabbit_from_smoking": {
    "criteria": {
      "has_rabbit": "2024-07-26 05:41:53 +0000"
    },
    "done": true
  },
  "minecraft:recipes/misc/sugar_from_sugar_cane": {
    "criteria": {
      "has_reeds": "2024-07-26 05:40:41 +0000"
    },
    "done": true
  },
  "minecraft:husbandry/balanced_diet": {
    "criteria": {
      "cooked_mutton": "2024-07-26 05:32:34 +0000",
      "apple": "2024-07-26 05:42:53 +0000",
      "bread": "2024-07-26 05:50:06 +0000"
    },
    "done": false
  },
  "minecraft:recipes/tools/wooden_hoe": {
    "criteria": {
      "has_stick": "2024-07-26 05:38:51 +0000"
    },
    "done": true
  },
  "pixelmon:recipes/pokeball/lid/fast_ball_lid": {
    "criteria": {
      "has_ultra_ball": "2024-07-26 05:41:53 +0000"
    },
    "done": true
  },
  "minecraft:recipes/building_blocks/cobblestone_slab": {
    "criteria": {
      "has_cobblestone": "2024-07-26 05:43:13 +0000"
    },
    "done": true
  },
  "pixelmon:pokedex/pokedex_trigger": {
    "criteria": {
      "pokedex_base": "2024-07-26 05:29:48 +0000"
    },
    "done": true
  },
  "pixelmon:recipes/decor/temple/temple_block": {
    "criteria": {
      "has_stone_bricks": "2024-07-26 05:54:43 +0000"
    },
    "done": true
  },
  "minecraft:recipes/building_blocks/cobblestone_stairs": {
    "criteria": {
      "has_cobblestone": "2024-07-26 05:43:13 +0000"
    },
    "done": true
  },
  "minecraft:recipes/building_blocks/stone_brick_stairs_from_stone_bricks_stonecutting": {
    "criteria": {
      "has_stone_bricks": "2024-07-26 05:54:43 +0000"
    },
    "done": true
  },
  "biomesoplenty:recipes/transportation/magic_boat": {
    "criteria": {
      "in_water": "2024-07-26 05:40:04 +0000"
    },
    "done": true
  },
  "pixelmon:recipes/pokeball/lid/sport_ball_lid": {
    "criteria": {
      "has_ultra_ball": "2024-07-26 05:41:53 +0000"
    },
    "done": true
  },
  "pixelmon:recipes/decor/building_infrastructure/outside_wall": {
    "criteria": {
      "has_dye": "2024-07-26 05:54:43 +0000"
    },
    "done": true
  },
  "minecraft:recipes/building_blocks/light_gray_concrete_powder": {
    "criteria": {
      "has_sand": "2024-07-26 05:41:46 +0000"
    },
    "done": true
  },
  "minecraft:recipes/building_blocks/light_blue_concrete_powder": {
    "criteria": {
      "has_sand": "2024-07-26 05:41:46 +0000"
    },
    "done": true
  },
  "biomesoplenty:recipes/transportation/cherry_boat": {
    "criteria": {
      "in_water": "2024-07-26 05:40:04 +0000"
    },
    "done": true
  },
  "pixelmon:recipes/curry/brittle_bones": {
    "criteria": {
      "has_bone": "2024-07-26 05:33:26 +0000"
    },
    "done": true
  },
  "biomesoplenty:recipes/transportation/fir_boat": {
    "criteria": {
      "in_water": "2024-07-26 05:40:04 +0000"
    },
    "done": true
  },
  "minecraft:recipes/building_blocks/hay_block": {
    "criteria": {
      "has_wheat": "2024-07-26 05:56:15 +0000"
    },
    "done": true
  },
  "minecraft:recipes/misc/leather_horse_armor": {
    "criteria": {
      "has_leather": "2024-07-26 05:35:21 +0000"
    },
    "done": true
  },
  "pixelmon:recipes/pokeball/lid/love_ball_lid": {
    "criteria": {
      "has_ultra_ball": "2024-07-26 05:41:53 +0000"
    },
    "done": true
  },
  "minecraft:recipes/combat/leather_leggings": {
    "criteria": {
      "has_leather": "2024-07-26 05:35:21 +0000"
    },
    "done": true
  },
  "minecraft:recipes/building_blocks/glass": {
    "criteria": {
      "has_sand": "2024-07-26 05:41:46 +0000"
    },
    "done": true
  },
  "minecraft:recipes/building_blocks/pink_concrete_powder": {
    "criteria": {
      "has_sand": "2024-07-26 05:41:46 +0000"
    },
    "done": true
  },
  "pixelmon:recipes/infuser/juice/yellow_juice": {
    "criteria": {
      "has_yellow_juice_berry_3": "2024-07-26 05:35:21 +0000"
    },
    "done": true
  },
  "minecraft:recipes/redstone/oak_fence_gate": {
    "criteria": {
      "has_planks": "2024-07-26 05:38:38 +0000"
    },
    "done": true
  },
  "pixelmon:recipes/machines/trade_machine/trade_holder_right": {
    "criteria": {
      "has_poke_ball": "2024-07-26 05:41:53 +0000"
    },
    "done": true
  },
  "pixelmon:recipes/pokeball/base/aluminum_base": {
    "criteria": {
      "has_ingot": "2024-07-26 05:29:17 +0000"
    },
    "done": true
  },
  "minecraft:recipes/building_blocks/purple_concrete_powder": {
    "criteria": {
      "has_sand": "2024-07-26 05:41:46 +0000"
    },
    "done": true
  },
  "minecraft:recipes/building_blocks/smooth_stone_slab": {
    "criteria": {
      "has_smooth_stone": "2024-07-26 05:54:43 +0000"
    },
    "done": true
  },
  "pixelmon:recipes/pokeball/lid/ancient_great_ball_lid": {
    "criteria": {
      "has_tumblestone": "2024-07-26 05:54:43 +0000"
    },
    "done": true
  },
  "pixelmon:recipes/decor/mail_box/yellow_mail_box": {
    "criteria": {
      "has_dye": "2024-07-26 05:54:43 +0000"
    },
    "done": true
  },
  "minecraft:story/mine_stone": {
    "criteria": {
      "get_stone": "2024-07-26 05:43:13 +0000"
    },
    "done": true
  },
  "minecraft:recipes/decorations/furnace": {
    "criteria": {
      "has_cobblestone": "2024-07-26 05:43:13 +0000"
    },
    "done": true
  },
  "pixelmon:recipes/machines/trade_machine/trade_monitor": {
    "criteria": {
      "has_poke_ball": "2024-07-26 05:41:53 +0000"
    },
    "done": true
  },
  "pixelmon:recipes/decor/vending_machine/gray_vending_machine": {
    "criteria": {
      "has_lemonade": "2024-07-26 05:56:15 +0000"
    },
    "done": true
  },
  "minecraft:recipes/misc/charcoal": {
    "criteria": {
      "has_log": "2024-07-26 05:38:28 +0000"
    },
    "done": true
  },
  "minecraft:recipes/building_blocks/sandstone": {
    "criteria": {
      "has_sand": "2024-07-26 05:41:46 +0000"
    },
    "done": true
  },
  "minecraft:recipes/food/cooked_rabbit_from_campfire_cooking": {
    "criteria": {
      "has_rabbit": "2024-07-26 05:41:53 +0000"
    },
    "done": true
  },
  "minecraft:recipes/tools/wooden_pickaxe": {
    "criteria": {
      "has_stick": "2024-07-26 05:38:51 +0000"
    },
    "done": true
  },
  "minecraft:recipes/building_blocks/cobblestone_slab_from_cobblestone_stonecutting": {
    "criteria": {
      "has_cobblestone": "2024-07-26 05:43:13 +0000"
    },
    "done": true
  },
  "minecraft:husbandry/root": {
    "criteria": {
      "consumed_item": "2024-07-26 05:32:34 +0000"
    },
    "done": true
  },
  "minecraft:recipes/building_blocks/stone_brick_slab": {
    "criteria": {
      "has_stone_bricks": "2024-07-26 05:54:43 +0000"
    },
    "done": true
  },
  "pixelmon:recipes/incense_burner": {
    "criteria": {
      "has_coal": "2024-07-26 05:43:33 +0000"
    },
    "done": true
  },
  "minecraft:recipes/transportation/birch_boat": {
    "criteria": {
      "in_water": "2024-07-26 05:40:04 +0000"
    },
    "done": true
  },
  "minecraft:recipes/building_blocks/oak_stairs": {
    "criteria": {
      "has_planks": "2024-07-26 05:38:38 +0000"
    },
    "done": true
  },
  "minecraft:recipes/building_blocks/green_concrete_powder": {
    "criteria": {
      "has_sand": "2024-07-26 05:41:46 +0000"
    },
    "done": true
  },
  "minecraft:recipes/transportation/acacia_boat": {
    "criteria": {
      "in_water": "2024-07-26 05:40:04 +0000"
    },
    "done": true
  },
  "pixelmon:recipes/decor/vending_machine/cyan_vending_machine": {
    "criteria": {
      "has_lemonade": "2024-07-26 05:56:15 +0000"
    },
    "done": true
  },
  "minecraft:recipes/building_blocks/white_concrete_powder": {
    "criteria": {
      "has_sand": "2024-07-26 05:41:46 +0000"
    },
    "done": true
  },
  "minecraft:recipes/decorations/item_frame": {
    "criteria": {
      "has_leather": "2024-07-26 05:35:21 +0000"
    },
    "done": true
  },
  "minecraft:recipes/tools/stone_hoe": {
    "criteria": {
      "has_cobblestone": "2024-07-26 05:43:13 +0000"
    },
    "done": true
  },
  "pixelmon:recipes/decor/vending_machine/light_blue_vending_machine": {
    "criteria": {
      "has_lemonade": "2024-07-26 05:56:15 +0000"
    },
    "done": true
  },
  "pixelmon:recipes/decor/gym_signs/yellow_gym_sign": {
    "criteria": {
      "has_dye": "2024-07-26 05:54:43 +0000"
    },
    "done": true
  },
  "pixelmon:recipes/curry/toast": {
    "criteria": {
      "has_bread": "2024-07-26 05:29:17 +0000"
    },
    "done": true
  },
  "pixelmon:recipes/equipment/flute/green_flute": {
    "criteria": {
      "has_green_shard": "2024-07-26 05:54:43 +0000"
    },
    "done": true
  },
  "minecraft:recipes/decorations/stone_brick_wall": {
    "criteria": {
      "has_stone_bricks": "2024-07-26 05:54:43 +0000"
    },
    "done": true
  },
  "pixelmon:recipes/decor/vending_machine/light_gray_vending_machine": {
    "criteria": {
      "has_lemonade": "2024-07-26 05:56:15 +0000"
    },
    "done": true
  },
  "minecraft:story/upgrade_tools": {
    "criteria": {
      "stone_pickaxe": "2024-07-26 05:43:28 +0000"
    },
    "done": true
  },
  "pixelmon:recipes/lures/lure_type_weak": {
    "criteria": {
      "has_oran": "2024-07-26 05:31:50 +0000"
    },
    "done": true
  },
  "minecraft:recipes/decorations/oak_fence": {
    "criteria": {
      "has_planks": "2024-07-26 05:38:38 +0000"
    },
    "done": true
  },
  "minecraft:recipes/transportation/oak_boat": {
    "criteria": {
      "in_water": "2024-07-26 05:40:04 +0000"
    },
    "done": true
  },
  "minecraft:recipes/building_blocks/orange_concrete_powder": {
    "criteria": {
      "has_sand": "2024-07-26 05:41:46 +0000"
    },
    "done": true
  },
  "minecraft:recipes/building_blocks/oak_slab": {
    "criteria": {
      "has_planks": "2024-07-26 05:38:38 +0000"
    },
    "done": true
  },
  "minecraft:recipes/building_blocks/cyan_concrete_powder": {
    "criteria": {
      "has_sand": "2024-07-26 05:41:46 +0000"
    },
    "done": true
  },
  "minecraft:recipes/building_blocks/stone_brick_stairs": {
    "criteria": {
      "has_stone_bricks": "2024-07-26 05:54:43 +0000"
    },
    "done": true
  },
  "pixelmon:recipes/decor/vending_machine/orange_vending_machine": {
    "criteria": {
      "has_lemonade": "2024-07-26 05:56:15 +0000"
    },
    "done": true
  },
  "minecraft:recipes/building_blocks/smooth_stone_slab_from_smooth_stone_stonecutting": {
    "criteria": {
      "has_smooth_stone": "2024-07-26 05:54:43 +0000"
    },
    "done": true
  },
  "minecraft:recipes/tools/wooden_axe": {
    "criteria": {
      "has_stick": "2024-07-26 05:38:51 +0000"
    },
    "done": true
  },
  "pixelmon:recipes/machines/trade_machine/trade_holder_left": {
    "criteria": {
      "has_poke_ball": "2024-07-26 05:41:53 +0000"
    },
    "done": true
  },
  "minecraft:recipes/misc/paper": {
    "criteria": {
      "has_reeds": "2024-07-26 05:40:41 +0000"
    },
    "done": true
  },
  "pixelmon:recipes/pokeball/base/platinum_base": {
    "criteria": {
      "has_ingot": "2024-07-26 05:29:17 +0000"
    },
    "done": true
  },
  "biomesoplenty:recipes/transportation/umbran_boat": {
    "criteria": {
      "in_water": "2024-07-26 05:40:04 +0000"
    },
    "done": true
  },
  "biomesoplenty:recipes/transportation/palm_boat": {
    "criteria": {
      "in_water": "2024-07-26 05:40:04 +0000"
    },
    "done": true
  },
  "pixelmon:recipes/pokeball/lid/repeat_ball_lid": {
    "criteria": {
      "has_ultra_ball": "2024-07-26 05:41:53 +0000"
    },
    "done": true
  },
  "minecraft:recipes/decorations/stone_brick_wall_from_stone_bricks_stonecutting": {
    "criteria": {
      "has_stone_bricks": "2024-07-26 05:54:43 +0000"
    },
    "done": true
  },
  "biomesoplenty:recipes/transportation/redwood_boat": {
    "criteria": {
      "in_water": "2024-07-26 05:40:04 +0000"
    },
    "done": true
  },
  "minecraft:recipes/building_blocks/chiseled_stone_bricks_from_stone_bricks_stonecutting": {
    "criteria": {
      "has_stone_bricks": "2024-07-26 05:54:43 +0000"
    },
    "done": true
  },
  "pixelmon:types/capture_type_trigger": {
    "criteria": {
      "capture_any": "2024-07-26 05:50:57 +0000"
    },
    "done": true
  },
  "pixelmon:recipes/decor/vending_machine/magenta_vending_machine": {
    "criteria": {
      "has_lemonade": "2024-07-26 05:56:15 +0000"
    },
    "done": true
  },
  "pixelmon:wild_battle_victories/wild_battle_victory_trigger": {
    "criteria": {
      "wild_battle_victory_trigger": "2024-07-26 05:31:44 +0000"
    },
    "done": true
  },
  "pixelmon:recipes/pokeball/lid/lure_ball_lid": {
    "criteria": {
      "has_ultra_ball": "2024-07-26 05:41:53 +0000"
    },
    "done": true
  },
  "pixelmon:recipes/decor/vending_machine/purple_vending_machine": {
    "criteria": {
      "has_lemonade": "2024-07-26 05:56:15 +0000"
    },
    "done": true
  },
  "minecraft:recipes/building_blocks/coal_block": {
    "criteria": {
      "has_coal": "2024-07-26 05:43:33 +0000"
    },
    "done": true
  },
  "pixelmon:recipes/pokeball/lid/quick_ball_lid": {
    "criteria": {
      "has_ultra_ball": "2024-07-26 05:41:53 +0000"
    },
    "done": true
  },
  "pixelmon:recipes/infuser/juice/colorful_juice": {
    "criteria": {
      "has_juice_berry_1": "2024-07-26 05:31:50 +0000"
    },
    "done": true
  },
  "minecraft:recipes/combat/wooden_sword": {
    "criteria": {
      "has_stick": "2024-07-26 05:38:51 +0000"
    },
    "done": true
  },
  "minecraft:recipes/tools/stone_shovel": {
    "criteria": {
      "has_cobblestone": "2024-07-26 05:43:13 +0000"
    },
    "done": true
  },
  "minecraft:recipes/building_blocks/oak_planks": {
    "criteria": {
      "has_logs": "2024-07-26 05:38:28 +0000"
    },
    "done": true
  },
  "minecraft:recipes/building_blocks/blue_concrete_powder": {
    "criteria": {
      "has_sand": "2024-07-26 05:41:46 +0000"
    },
    "done": true
  },
  "pixelmon:recipes/pokeball/lid/heavy_ball_lid": {
    "criteria": {
      "has_ultra_ball": "2024-07-26 05:41:53 +0000"
    },
    "done": true
  },
  "minecraft:recipes/building_blocks/gray_concrete_powder": {
    "criteria": {
      "has_sand": "2024-07-26 05:41:46 +0000"
    },
    "done": true
  },
  "pixelmon:recipes/decor/household_items/mug_ball": {
    "criteria": {
      "has_poke_ball": "2024-07-26 05:41:53 +0000"
    },
    "done": true
  },
  "pixelmon:recipes/pokeball/lid/luxury_ball_lid": {
    "criteria": {
      "has_ultra_ball": "2024-07-26 05:41:53 +0000"
    },
    "done": true
  },
  "pixelmon:recipes/pokeball/lid/moon_ball_lid": {
    "criteria": {
      "has_ultra_ball": "2024-07-26 05:41:53 +0000"
    },
    "done": true
  },
  "pixelmon:recipes/decor/vending_machine/white_vending_machine": {
    "criteria": {
      "has_lemonade": "2024-07-26 05:56:15 +0000"
    },
    "done": true
  },
  "pixelmon:recipes/decor/household_items/end_table": {
    "criteria": {
      "has_crafting_table": "2024-07-26 05:38:41 +0000"
    },
    "done": true
  },
  "minecraft:recipes/redstone/oak_pressure_plate": {
    "criteria": {
      "has_planks": "2024-07-26 05:38:38 +0000"
    },
    "done": true
  },
  "minecraft:recipes/misc/bone_meal": {
    "criteria": {
      "has_bone": "2024-07-26 05:33:26 +0000"
    },
    "done": true
  },
  "minecraft:recipes/building_blocks/black_concrete_powder": {
    "criteria": {
      "has_sand": "2024-07-26 05:41:46 +0000"
    },
    "done": true
  },
  "pixelmon:recipes/equipment/reveal_glass": {
    "criteria": {
      "has_emerald": "2024-07-26 05:56:31 +0000"
    },
    "done": true
  },
  "pixelmon:recipes/decor/vending_machine/pink_vending_machine": {
    "criteria": {
      "has_lemonade": "2024-07-26 05:56:15 +0000"
    },
    "done": true
  },
  "minecraft:recipes/building_blocks/oak_wood": {
    "criteria": {
      "has_log": "2024-07-26 05:38:28 +0000"
    },
    "done": true
  },
  "pixelmon:recipes/decor/vending_machine/blue_vending_machine": {
    "criteria": {
      "has_lemonade": "2024-07-26 05:56:15 +0000"
    },
    "done": true
  },
  "minecraft:story/root": {
    "criteria": {
      "crafting_table": "2024-07-26 05:38:41 +0000"
    },
    "done": true
  },
  "minecraft:recipes/combat/crossbow": {
    "criteria": {
      "has_stick": "2024-07-26 05:38:51 +0000"
    },
    "done": true
  },
  "pixelmon:recipes/machines/trade_machine/trade_panel": {
    "criteria": {
      "has_poke_ball": "2024-07-26 05:41:53 +0000"
    },
    "done": true
  },
  "minecraft:recipes/decorations/oak_sign": {
    "criteria": {
      "has_oak_planks": "2024-07-26 05:38:38 +0000"
    },
    "done": true
  },
  "minecraft:recipes/redstone/oak_trapdoor": {
    "criteria": {
      "has_planks": "2024-07-26 05:38:38 +0000"
    },
    "done": true
  },
  "minecraft:recipes/food/cooked_rabbit": {
    "criteria": {
      "has_rabbit": "2024-07-26 05:41:53 +0000"
    },
    "done": true
  },
  "minecraft:recipes/building_blocks/red_concrete_powder": {
    "criteria": {
      "has_sand": "2024-07-26 05:41:46 +0000"
    },
    "done": true
  },
  "minecraft:recipes/combat/leather_chestplate": {
    "criteria": {
      "has_leather": "2024-07-26 05:35:21 +0000"
    },
    "done": true
  },
  "pixelmon:recipes/decor/clock/yellow_clock": {
    "criteria": {
      "has_dye": "2024-07-26 05:54:43 +0000"
    },
    "done": true
  },
  "pixelmon:recipes/decor/letter_box/yellow_letter_box": {
    "criteria": {
      "has_dye": "2024-07-26 05:54:43 +0000"
    },
    "done": true
  },
  "minecraft:recipes/redstone/oak_button": {
    "criteria": {
      "has_planks": "2024-07-26 05:38:38 +0000"
    },
    "done": true
  },
  "pixelmon:recipes/pokeball/base/iron_base": {
    "criteria": {
      "has_ingot": "2024-07-26 05:29:17 +0000"
    },
    "done": true
  },
  "pixelmon:recipes/pokeball/lid/timer_ball_lid": {
    "criteria": {
      "has_ultra_ball": "2024-07-26 05:41:53 +0000"
    },
    "done": true
  },
  "pixelmon:specs/spec_trigger": {
    "criteria": {
      "unown_capture_all": "2024-07-26 05:50:57 +0000",
      "eeveelution_capture_all": "2024-07-26 05:50:57 +0000",
      "minior_capture_all": "2024-07-26 05:50:57 +0000"
    },
    "done": true
  },
  "minecraft:recipes/building_blocks/stone": {
    "criteria": {
      "has_cobblestone": "2024-07-26 05:43:13 +0000"
    },
    "done": true
  },
  "pixelmon:recipes/pokeball/base/wooden_base": {
    "criteria": {
      "has_slab": "2024-07-26 05:29:17 +0000"
    },
    "done": true
  },
  "biomesoplenty:recipes/transportation/hellbark_boat": {
    "criteria": {
      "in_water": "2024-07-26 05:40:04 +0000"
    },
    "done": true
  },
  "pixelmon:balls/ultra_ball_capture": {
    "criteria": {
      "ultra_ball_capture": "2024-07-26 05:50:57 +0000"
    },
    "done": true
  },
  "pixelmon:recipes/pokeball/lid/level_ball_lid": {
    "criteria": {
      "has_ultra_ball": "2024-07-26 05:41:53 +0000"
    },
    "done": true
  },
  "pixelmon:recipes/pokeball/lid/ancient_poke_ball_lid": {
    "criteria": {
      "has_tumblestone": "2024-07-26 05:54:43 +0000"
    },
    "done": true
  },
  "minecraft:adventure/adventuring_time": {
    "criteria": {
      "minecraft:jungle_edge": "2024-07-26 05:40:21 +0000",
      "minecraft:cold_ocean": "2024-07-26 05:48:04 +0000",
      "minecraft:forest": "2024-07-26 05:31:20 +0000",
      "minecraft:desert_hills": "2024-07-26 05:54:19 +0000",
      "minecraft:desert": "2024-07-26 05:41:28 +0000",
      "minecraft:deep_frozen_ocean": "2024-07-26 05:48:17 +0000",
      "minecraft:savanna_plateau": "2024-07-26 05:41:11 +0000",
      "minecraft:beach": "2024-07-26 05:44:12 +0000",
      "minecraft:river": "2024-07-26 05:40:14 +0000",
      "minecraft:savanna": "2024-07-26 05:40:18 +0000",
      "minecraft:plains": "2024-07-26 05:29:17 +0000"
    },
    "done": false
  },
  "pixelmon:recipes/decor/cash_register/yellow_cash_register": {
    "criteria": {
      "has_dye": "2024-07-26 05:54:43 +0000"
    },
    "done": true
  },
  "storagedrawers:recipes/storagedrawers/oak_trim": {
    "criteria": {
      "has_planks": "2024-07-26 05:38:38 +0000"
    },
    "done": true
  },
  "minecraft:recipes/combat/stone_sword": {
    "criteria": {
      "has_cobblestone": "2024-07-26 05:43:13 +0000"
    },
    "done": true
  },
  "minecraft:recipes/decorations/cobblestone_wall": {
    "criteria": {
      "has_cobblestone": "2024-07-26 05:43:13 +0000"
    },
    "done": true
  },
  "minecraft:recipes/decorations/barrel": {
    "criteria": {
      "has_planks": "2024-07-26 05:38:38 +0000"
    },
    "done": true
  },
  "pixelmon:recipes/decor/vending_machine/black_vending_machine": {
    "criteria": {
      "has_lemonade": "2024-07-26 05:56:15 +0000"
    },
    "done": true
  },
  "minecraft:recipes/tools/stone_pickaxe": {
    "criteria": {
      "has_cobblestone": "2024-07-26 05:43:13 +0000"
    },
    "done": true
  },
  "minecraft:recipes/redstone/oak_door": {
    "criteria": {
      "has_planks": "2024-07-26 05:38:38 +0000"
    },
    "done": true
  },
  "minecraft:recipes/combat/leather_boots": {
    "criteria": {
      "has_leather": "2024-07-26 05:35:21 +0000"
    },
    "done": true
  },
  "minecraft:recipes/transportation/jungle_boat": {
    "criteria": {
      "in_water": "2024-07-26 05:40:04 +0000"
    },
    "done": true
  },
  "minecraft:recipes/decorations/cobblestone_wall_from_cobblestone_stonecutting": {
    "criteria": {
      "has_cobblestone": "2024-07-26 05:43:13 +0000"
    },
    "done": true
  },
  "pixelmon:recipes/machines/reassembly_unit": {
    "criteria": {
      "has_emerald": "2024-07-26 05:56:31 +0000"
    },
    "done": true
  },
  "pixelmon:specs/spheal_jump_capture_all": {
    "criteria": {
      "0": "2024-07-26 05:50:57 +0000"
    },
    "done": false
  },
  "minecraft:recipes/food/pumpkin_pie": {
    "criteria": {
      "has_pumpkin": "2024-07-26 05:46:29 +0000"
    },
    "done": true
  },
  "minecraft:recipes/transportation/dark_oak_boat": {
    "criteria": {
      "in_water": "2024-07-26 05:40:04 +0000"
    },
    "done": true
  },
  "pixelmon:recipes/pokeball/base/silver_base": {
    "criteria": {
      "has_ingot": "2024-07-26 05:29:17 +0000"
    },
    "done": true
  },
  "pixelmon:recipes/decor/vending_machine/brown_vending_machine": {
    "criteria": {
      "has_lemonade": "2024-07-26 05:56:15 +0000"
    },
    "done": true
  },
  "pixelmon:recipes/decor/vending_machine/yellow_vending_machine": {
    "criteria": {
      "has_lemonade": "2024-07-26 05:56:15 +0000"
    },
    "done": true
  },
  "pixelmon:recipes/decor/household_items/glass_table": {
    "criteria": {
      "has_planks": "2024-07-26 05:38:38 +0000"
    },
    "done": true
  },
  "biomesoplenty:recipes/transportation/jacaranda_boat": {
    "criteria": {
      "in_water": "2024-07-26 05:40:04 +0000"
    },
    "done": true
  },
  "pixelmon:recipes/decor/bench/bench": {
    "criteria": {
      "has_planks": "2024-07-26 05:38:38 +0000"
    },
    "done": true
  },
  "pixelmon:recipes/equipment/vanilla/wooden_hammer": {
    "criteria": {
      "has_planks": "2024-07-26 05:38:38 +0000"
    },
    "done": true
  },
  "pixelmon:recipes/decor/building_infrastructure/bridge_block": {
    "criteria": {
      "has_logs": "2024-07-26 05:38:28 +0000"
    },
    "done": true
  },
  "minecraft:recipes/decorations/yellow_carpet_from_white_carpet": {
    "criteria": {
      "has_yellow_dye": "2024-07-26 05:54:43 +0000"
    },
    "done": true
  },
  "pixelmon:specs/magikarp_jump_capture_all": {
    "criteria": {
      "0": "2024-07-26 05:50:57 +0000"
    },
    "done": false
  },
  "pixelmon:recipes/equipment/vanilla/stone_hammer": {
    "criteria": {
      "has_cobblestone": "2024-07-26 05:43:13 +0000"
    },
    "done": true
  },
  "pixelmon:recipes/infuser/juice/blue_juice": {
    "criteria": {
      "has_blue_juice_berry_1": "2024-07-26 05:31:50 +0000"
    },
    "done": true
  },
  "minecraft:recipes/misc/orange_dye_from_red_yellow": {
    "criteria": {
      "has_yellow_dye": "2024-07-26 05:54:43 +0000"
    },
    "done": true
  },
  "minecraft:recipes/decorations/soul_campfire": {
    "criteria": {
      "has_stick": "2024-07-26 05:38:51 +0000"
    },
    "done": true
  },
  "minecraft:recipes/tools/stone_axe": {
    "criteria": {
      "has_cobblestone": "2024-07-26 05:43:13 +0000"
    },
    "done": true
  },
  "pixelmon:recipes/pokeball/lid/dive_ball_lid": {
    "criteria": {
      "has_ultra_ball": "2024-07-26 05:41:53 +0000"
    },
    "done": true
  },
  "DataVersion": 2586
}